"begdate","enddate","pressconf","scheduled","document","url"
1936-03-18,1936-03-18,0,1,"Historical Minutes (400 KB PDF)","/monetarypolicy/files/FOMChistmin19360318.pdf"
1936-03-19,1936-03-19,0,1,"Record of Policy Actions (271 KB PDF)","/monetarypolicy/files/fomcropa19360319.pdf"
1936-05-25,1936-05-25,0,1,"Record of Policy Actions (143 KB PDF)","/monetarypolicy/files/fomcropa19360525.pdf"
1936-11-19,1936-11-19,0,1,"Historical Minutes (176 KB PDF)","/monetarypolicy/files/FOMChistmin19361119.pdf"
1936-11-20,1936-11-20,0,1,"Record of Policy Actions (198 KB PDF)","/monetarypolicy/files/fomcropa19361120.pdf"
1937-01-26,1937-01-26,0,1,"Record of Policy Actions (272 KB PDF)","/monetarypolicy/files/fomcropa19370126.pdf"
1937-03-15,1937-03-15,0,1,"Record of Policy Actions (301 KB PDF)","/monetarypolicy/files/fomcropa19370315.pdf"
1937-04-03,1937-04-04,0,1,"Record of Policy Actions (284 KB PDF)","/monetarypolicy/files/fomcropa19370404.pdf"
1937-05-04,1937-05-05,0,1,"Record of Policy Actions (145 KB PDF)","/monetarypolicy/files/fomcropa19370505.pdf"
1937-06-09,1937-06-09,0,1,"Record of Policy Actions (145 KB PDF)","/monetarypolicy/files/fomcropa19370609.pdf"
1937-09-11,1937-09-12,0,1,"Record of Policy Actions (282 KB PDF)","/monetarypolicy/files/fomcropa19370912.pdf"
1937-11-29,1937-12-01,0,1,"Record of Policy Actions (218 KB PDF)","/monetarypolicy/files/fomcropa19371201.pdf"
1938-02-28,1938-03-01,0,1,"Record of Policy Actions (147 KB PDF)","/monetarypolicy/files/fomcropa19380301.pdf"
1938-04-21,1938-04-22,0,1,"Record of Policy Actions (283 KB PDF)","/monetarypolicy/files/fomcropa19380422.pdf"
1938-04-29,1938-04-29,0,1,"Record of Policy Actions (297 KB PDF)","/monetarypolicy/files/fomcropa19380429.pdf"
1938-08-02,1938-08-02,0,1,"Record of Policy Actions (162 KB PDF)","/monetarypolicy/files/fomcropa19380802.pdf"
1938-09-21,1938-09-21,0,1,"Record of Policy Actions (309 KB PDF)","/monetarypolicy/files/fomcropa19380921.pdf"
1938-12-30,1938-12-30,0,1,"Record of Policy Actions (224 KB PDF)","/monetarypolicy/files/fomcropa19381230.pdf"
1939-03-06,1939-03-07,0,1,"Record of Policy Actions (243 KB PDF)","/monetarypolicy/files/fomcropa19390307.pdf"
1939-03-20,1939-03-20,0,1,"Record of Policy Actions (145 KB PDF)","/monetarypolicy/files/fomcropa19390320.pdf"
1939-04-19,1939-04-19,0,1,"Record of Policy Actions (279 KB PDF)","/monetarypolicy/files/fomcropa19390419.pdf"
1939-06-20,1939-06-21,0,1,"Record of Policy Actions (282 KB PDF)","/monetarypolicy/files/fomcropa19390621.pdf"
1939-09-18,1939-09-18,0,1,"Record of Policy Actions (212 KB PDF)","/monetarypolicy/files/fomcropa19390918.pdf"
1939-12-13,1939-12-13,0,1,"Record of Policy Actions (78 KB PDF)","/monetarypolicy/files/fomcropa19391213.pdf"
1940-03-20,1940-03-20,0,1,"Record of Policy Actions (101 KB PDF)","/monetarypolicy/files/fomcropa19400320.pdf"
1940-05-27,1940-05-28,0,1,"Record of Policy Actions (245 KB PDF)","/monetarypolicy/files/fomcropa19400528.pdf"
1940-09-27,1940-09-27,0,1,"Record of Policy Actions (161 KB PDF)","/monetarypolicy/files/fomcropa19400927.pdf"
1940-12-18,1940-12-18,0,1,"Record of Policy Actions (186 KB PDF)","/monetarypolicy/files/fomcropa19401218.pdf"
1941-03-17,1941-03-17,0,1,"Record of Policy Actions (116 KB PDF)","/monetarypolicy/files/fomcropa19410317.pdf"
1941-06-10,1941-06-10,0,1,"Record of Policy Actions (235 KB PDF)","/monetarypolicy/files/fomcropa19410610.pdf"
1941-09-27,1941-09-27,0,1,"Record of Policy Actions (136 KB PDF)","/monetarypolicy/files/fomcropa19410927.pdf"
1941-12-12,1941-12-12,0,1,"Record of Policy Actions (135 KB PDF)","/monetarypolicy/files/fomcropa19411212.pdf"
1942-02-28,1942-02-28,0,1,"Historical Minutes (163 KB PDF)","/monetarypolicy/files/FOMChistmin19420228.pdf"
1942-03-02,1942-03-02,0,1,"Record of Policy Actions (123 KB PDF)","/monetarypolicy/files/fomcropa19420302.pdf"
1942-05-08,1942-05-08,0,1,"Record of Policy Actions (253 KB PDF)","/monetarypolicy/files/fomcropa19420508.pdf"
1942-06-22,1942-06-22,0,1,"Record of Policy Actions (273 KB PDF)","/monetarypolicy/files/fomcropa19420622.pdf"
1942-08-03,1942-08-03,0,1,"Record of Policy Actions (143 KB PDF)","/monetarypolicy/files/fomcropa19420803.pdf"
1942-09-28,1942-09-29,0,1,"Record of Policy Actions (154 KB PDF)","/monetarypolicy/files/fomcropa19420928.pdf"
1942-12-14,1942-12-14,0,1,"Record of Policy Actions (105 KB PDF)","/monetarypolicy/files/fomcropa19421214.pdf"
1943-01-25,1943-01-26,0,1,"Record of Policy Actions (145 KB PDF)","/monetarypolicy/files/fomcropa19430126.pdf"
1943-03-02,1943-03-02,0,1,"Record of Policy Actions (142 KB PDF)","/monetarypolicy/files/fomcropa19430302.pdf"
1943-05-15,1943-05-15,0,1,"Record of Policy Actions (268 KB PDF)","/monetarypolicy/files/fomcropa19430515.pdf"
1943-06-28,1943-06-28,0,1,"Record of Policy Actions (280 KB PDF)","/monetarypolicy/files/fomcropa19430628.pdf"
1943-10-18,1943-10-18,0,1,"Record of Policy Actions (197 KB PDF)","/monetarypolicy/files/fomcropa19431018.pdf"
1944-02-29,1944-02-29,0,1,"Record of Policy Actions (259 KB PDF)","/monetarypolicy/files/fomcropa19440229.pdf"
1944-03-01,1944-03-01,0,1,"Record of Policy Actions (264 KB PDF)","/monetarypolicy/files/fomcropa19440301.pdf"
1944-05-04,1944-05-04,0,1,"Record of Policy Actions (255 KB PDF)","/monetarypolicy/files/fomcropa19440504.pdf"
1944-09-21,1944-09-22,0,1,"Record of Policy Actions (126 KB PDF)","/monetarypolicy/files/fomcropa19440921.pdf"
1944-12-11,1944-12-11,0,1,"Record of Policy Actions (125 KB PDF)","/monetarypolicy/files/fomcropa19441211.pdf"
1945-02-28,1945-02-28,0,1,"Historical Minutes (201 KB PDF)","/monetarypolicy/files/FOMChistmin19450228.pdf"
1945-03-01,1945-03-01,0,1,"Record of Policy Actions (127 KB PDF)","/monetarypolicy/files/fomcropa19450301.pdf"
1945-06-20,1945-06-20,0,1,"Record of Policy Actions (244 KB PDF)","/monetarypolicy/files/fomcropa19450620.pdf"
1945-10-17,1945-10-17,0,1,"Record of Policy Actions (132 KB PDF)","/monetarypolicy/files/fomcropa19451017.pdf"
1946-02-28,1946-02-28,0,1,"Historical Minutes (223 KB PDF)","/monetarypolicy/files/FOMChistmin19460228.pdf"
1946-03-01,1946-03-01,0,1,"Record of Policy Actions (243 KB PDF)","/monetarypolicy/files/fomcropa19460301.pdf"
1946-06-10,1946-06-10,0,1,"Record of Policy Actions (242 KB PDF)","/monetarypolicy/files/fomcropa19460610.pdf"
1946-10-03,1946-10-03,0,1,"Record of Policy Actions (116 KB PDF)","/monetarypolicy/files/fomcropa19461003.pdf"
1947-02-27,1947-02-28,0,1,"Historical Minutes (727 KB PDF)","/monetarypolicy/files/FOMChistmin19470228.pdf"
1947-03-01,1947-03-01,0,1,"Record of Policy Actions (130 KB PDF)","/monetarypolicy/files/fomcropa19470301.pdf"
1947-06-05,1947-06-06,0,1,"Record of Policy Actions (257 KB PDF)","/monetarypolicy/files/fomcropa19470605.pdf"
1947-10-06,1947-10-07,0,1,"Record of Policy Actions (379 KB PDF)","/monetarypolicy/files/fomcropa19471007.pdf"
1947-12-09,1947-12-09,0,1,"Record of Policy Actions (136 KB PDF)","/monetarypolicy/files/fomcropa19471209.pdf"
1948-02-27,1948-02-27,0,1,"Historical Minutes (694 KB PDF)","/monetarypolicy/files/FOMChistmin19480227.pdf"
1948-03-01,1948-03-01,0,1,"Record of Policy Actions (135 KB PDF)","/monetarypolicy/files/fomcropa19480301.pdf"
1948-05-20,1948-05-20,0,1,"Record of Policy Actions (257 KB PDF)","/monetarypolicy/files/fomcropa19480520.pdf"
1948-10-04,1948-10-04,0,1,"Record of Policy Actions (259 KB PDF)","/monetarypolicy/files/fomcropa19481004.pdf"
1948-11-15,1948-11-15,0,1,"Historical Minutes (392 KB PDF)","/monetarypolicy/files/FOMChistmin19481115.pdf"
1948-11-30,1948-11-30,0,1,"Record of Policy Actions (137 KB PDF)","/monetarypolicy/files/fomcropa19481130.pdf"
1949-02-28,1949-02-28,0,1,"Historical Minutes (180 KB PDF)","/monetarypolicy/files/FOMChistmin19490228.pdf"
1949-03-01,1949-03-01,0,1,"Record of Policy Actions (209 KB PDF)","/monetarypolicy/files/fomcropa19490301.pdf"
1949-05-03,1949-05-03,0,1,"Record of Policy Actions (113 KB PDF)","/monetarypolicy/files/fomcropa19490503.pdf"
1949-06-28,1949-06-28,0,1,"Record of Policy Actions (217 KB PDF)","/monetarypolicy/files/fomcropa19490628.pdf"
1949-08-05,1949-08-05,0,1,"Record of Policy Actions (220 KB PDF)","/monetarypolicy/files/fomcropa19490805.pdf"
1949-12-13,1949-12-13,0,1,"Record of Policy Actions (208 KB PDF)","/monetarypolicy/files/fomcropa19491213.pdf"
1950-02-28,1950-02-28,0,1,"Historical Minutes (290 KB PDF)","/monetarypolicy/files/FOMChistmin19500228.pdf"
1950-03-01,1950-03-01,0,1,"Record of Policy Actions (201 KB PDF)","/monetarypolicy/files/fomcropa19500301.pdf"
1950-06-13,1950-06-14,0,1,"Record of Policy Actions (109 KB PDF)","/monetarypolicy/files/fomcropa19500614.pdf"
1950-08-18,1950-08-18,0,1,"Record of Policy Actions (399 KB PDF)","/monetarypolicy/files/fomcropa19500818.pdf"
1950-09-28,1950-09-28,0,1,"Record of Policy Actions (200 KB PDF)","/monetarypolicy/files/fomcropa19500928.pdf"
1950-10-11,1950-10-11,0,1,"Record of Policy Actions (208 KB PDF)","/monetarypolicy/files/fomcropa19501011.pdf"
1950-10-30,1950-10-30,0,1,"Record of Policy Actions (111 KB PDF)","/monetarypolicy/files/fomcropa19501030.pdf"
1950-11-27,1950-11-27,0,1,"Record of Policy Actions (180 KB PDF)","/monetarypolicy/files/fomcropa19501127.pdf"
1951-01-31,1951-01-31,0,1,"Record of Policy Actions (200 KB PDF)","/monetarypolicy/files/fomcropa19510131.pdf"
1951-02-06,1951-02-08,0,1,"Record of Policy Actions (225 KB PDF)","/monetarypolicy/files/fomcropa19510208.pdf"
1951-03-01,1951-03-02,0,1,"Record of Policy Actions (320 KB PDF)","/monetarypolicy/files/fomcropa19510302.pdf"
1951-03-08,1951-03-08,0,1,"Record of Policy Actions (111 KB PDF)","/monetarypolicy/files/fomcropa19510308.pdf"
1951-05-17,1951-05-17,0,1,"Record of Policy Actions (211 KB PDF)","/monetarypolicy/files/fomcropa19510517.pdf"
1951-10-04,1951-10-04,0,1,"Record of Policy Actions (295 KB PDF)","/monetarypolicy/files/fomcropa19511004.pdf"
1951-11-14,1951-11-14,0,1,"Record of Policy Actions (87 KB PDF)","/monetarypolicy/files/fomcropa19511114.pdf"
1952-02-29,1952-02-29,0,1,"Historical Minutes (502 KB PDF)","/monetarypolicy/files/FOMChistmin19520229.pdf"
1952-03-01,1952-03-01,0,1,"Record of Policy Actions (229 KB PDF)","/monetarypolicy/files/fomcropa19520301.pdf"
1952-06-19,1952-06-19,0,1,"Record of Policy Actions (236 KB PDF)","/monetarypolicy/files/fomcropa19520619.pdf"
1952-09-25,1952-09-25,0,1,"Record of Policy Actions (344 KB PDF)","/monetarypolicy/files/fomcropa19520925.pdf"
1952-12-08,1952-12-08,0,1,"Record of Policy Actions (122 KB PDF)","/monetarypolicy/files/fomcropa19521208.pdf"
1953-03-04,1953-03-05,0,1,"Record of Policy Actions (462 KB PDF)","/monetarypolicy/files/fomcropa19530305.pdf"
1953-06-11,1953-06-11,0,1,"Record of Policy Actions (359 KB PDF)","/monetarypolicy/files/fomcropa19530611.pdf"
1953-09-24,1953-09-24,0,1,"Record of Policy Actions (352 KB PDF)","/monetarypolicy/files/fomcropa19530924.pdf"
1953-12-15,1953-12-15,0,1,"Record of Policy Actions (305 KB PDF)","/monetarypolicy/files/fomcropa19531215.pdf"
1954-03-03,1954-03-03,0,1,"Record of Policy Actions (217 KB PDF)","/monetarypolicy/files/fomcropa19540303.pdf"
1954-06-23,1954-06-23,0,1,"Record of Policy Actions (220 KB PDF)","/monetarypolicy/files/fomcropa19540623.pdf"
1954-09-22,1954-09-22,0,1,"Record of Policy Actions (115 KB PDF)","/monetarypolicy/files/fomcropa19540922.pdf"
1954-12-07,1954-12-07,0,1,"Record of Policy Actions (205 KB PDF)","/monetarypolicy/files/fomcropa19541207.pdf"
1955-01-11,1955-01-11,0,1,"Record of Policy Actions (220 KB PDF)","/monetarypolicy/files/fomcropa19550111.pdf"
1955-03-02,1955-03-02,0,1,"Record of Policy Actions (343 KB PDF)","/monetarypolicy/files/fomcropa19550302.pdf"
1955-05-10,1955-05-10,0,1,"Record of Policy Actions (238 KB PDF)","/monetarypolicy/files/fomcropa19550510.pdf"
1955-06-22,1955-06-22,0,1,"Record of Policy Actions (237 KB PDF)","/monetarypolicy/files/fomcropa19550622.pdf"
1955-07-12,1955-07-12,0,1,"Record of Policy Actions (237 KB PDF)","/monetarypolicy/files/fomcropa19550712.pdf"
1955-08-02,1955-08-02,0,1,"Record of Policy Actions (231 KB PDF)","/monetarypolicy/files/fomcropa19550802.pdf"
1955-08-23,1955-08-23,0,1,"Record of Policy Actions (232 KB PDF)","/monetarypolicy/files/fomcropa19550823.pdf"
1955-09-14,1955-09-14,0,1,"Record of Policy Actions (129 KB PDF)","/monetarypolicy/files/fomcropa19550914.pdf"
1955-09-26,1955-09-26,0,0,"Record of Policy Actions (235 KB PDF)","/monetarypolicy/files/fomcropa19550926.pdf"
1955-10-04,1955-10-04,0,1,"Record of Policy Actions (129 KB PDF)","/monetarypolicy/files/fomcropa19551004.pdf"
1955-10-25,1955-10-25,0,1,"Record of Policy Actions (236 KB PDF)","/monetarypolicy/files/fomcropa19551025.pdf"
1955-11-16,1955-11-16,0,1,"Record of Policy Actions (130 KB PDF)","/monetarypolicy/files/fomcropa19551116.pdf"
1955-11-30,1955-11-30,0,0,"Record of Policy Actions (240 KB PDF)","/monetarypolicy/files/fomcropa19551130.pdf"
1955-12-08,1955-12-08,0,0,"Historical Minutes (297 KB PDF)","/monetarypolicy/files/FOMChistmin19551208.pdf"
1955-12-13,1955-12-13,0,1,"Record of Policy Actions (132 KB PDF)","/monetarypolicy/files/fomcropa19551213.pdf"
1956-01-10,1956-01-10,0,1,"Record of Policy Actions (202 KB PDF)","/monetarypolicy/files/fomcropa19560110.pdf"
1956-01-24,1956-01-24,0,1,"Record of Policy Actions (297 KB PDF)","/monetarypolicy/files/fomcropa19560124.pdf"
1956-02-15,1956-02-15,0,1,"Record of Policy Actions (202 KB PDF)","/monetarypolicy/files/fomcropa19560215.pdf"
1956-03-06,1956-03-06,0,1,"Record of Policy Actions (388 KB PDF)","/monetarypolicy/files/fomcropa19560306.pdf"
1956-03-27,1956-03-27,0,1,"Record of Policy Actions (294 KB PDF)","/monetarypolicy/files/fomcropa19560327.pdf"
1956-04-17,1956-04-17,0,1,"Record of Policy Actions (307 KB PDF)","/monetarypolicy/files/fomcropa19560417.pdf"
1956-04-18,1956-04-18,0,1,"Historical Minutes: see April 17, 1956 Minutes",NA
1956-05-09,1956-05-09,0,1,"Record of Policy Actions (208 KB PDF)","/monetarypolicy/files/fomcropa19560509.pdf"
1956-05-23,1956-05-23,0,1,"Record of Policy Actions (311 KB PDF)","/monetarypolicy/files/fomcropa19560523.pdf"
1956-06-05,1956-06-05,0,1,"Record of Policy Actions (306 KB PDF)","/monetarypolicy/files/fomcropa19560605.pdf"
1956-06-26,1956-06-26,0,1,"Record of Policy Actions (203 KB PDF)","/monetarypolicy/files/fomcropa19560626.pdf"
1956-07-17,1956-07-17,0,1,"Record of Policy Actions (304 KB PDF)","/monetarypolicy/files/fomcropa19560717.pdf"
1956-08-07,1956-08-07,0,1,"Record of Policy Actions (306 KB PDF)","/monetarypolicy/files/fomcropa19560807.pdf"
1956-08-21,1956-08-21,0,1,"Record of Policy Actions (205 KB PDF)","/monetarypolicy/files/fomcropa19560821.pdf"
1956-09-11,1956-09-11,0,1,"Record of Policy Actions (305 KB PDF)","/monetarypolicy/files/fomcropa19560911.pdf"
1956-09-25,1956-09-25,0,1,"Record of Policy Actions (310 KB PDF)","/monetarypolicy/files/fomcropa19560925.pdf"
1956-10-16,1956-10-16,0,1,"Record of Policy Actions (308 KB PDF)","/monetarypolicy/files/fomcropa19561016.pdf"
1956-11-13,1956-11-13,0,1,"Record of Policy Actions (206 KB PDF)","/monetarypolicy/files/fomcropa19561113.pdf"
1956-11-27,1956-11-27,0,1,"Record of Policy Actions (304 KB PDF)","/monetarypolicy/files/fomcropa19561127.pdf"
1956-12-10,1956-12-10,0,1,"Record of Policy Actions (312 KB PDF)","/monetarypolicy/files/fomcropa19561210.pdf"
1957-01-08,1957-01-08,0,1,"Record of Policy Actions (288 KB PDF)","/monetarypolicy/files/fomcropa19570108.pdf"
1957-01-28,1957-01-28,0,1,"Record of Policy Actions (279 KB PDF)","/monetarypolicy/files/fomcropa19570128.pdf"
1957-02-18,1957-02-18,0,1,"Record of Policy Actions (281 KB PDF)","/monetarypolicy/files/fomcropa19570218.pdf"
1957-03-05,1957-03-05,0,1,"Record of Policy Actions (284 KB PDF)","/monetarypolicy/files/fomcropa19570305.pdf"
1957-03-26,1957-03-26,0,1,"Record of Policy Actions (281 KB PDF)","/monetarypolicy/files/fomcropa19570326.pdf"
1957-04-16,1957-04-16,0,1,"Record of Policy Actions (182 KB PDF)","/monetarypolicy/files/fomcropa19570416.pdf"
1957-04-24,1957-04-24,0,0,"Historical Minutes (692 KB PDF)","/monetarypolicy/files/fomchistmin19570424.pdf"
1957-05-07,1957-05-07,0,1,"Record of Policy Actions (274 KB PDF)","/monetarypolicy/files/fomcropa19570507.pdf"
1957-05-28,1957-05-28,0,1,"Record of Policy Actions (178 KB PDF)","/monetarypolicy/files/fomcropa19570528.pdf"
1957-06-18,1957-06-18,0,1,"Record of Policy Actions (178 KB PDF)","/monetarypolicy/files/fomcropa19570618.pdf"
1957-07-09,1957-07-09,0,1,"Record of Policy Actions (280 KB PDF)","/monetarypolicy/files/fomcropa19570709.pdf"
1957-07-30,1957-07-30,0,1,"Record of Policy Actions (188 KB PDF)","/monetarypolicy/files/fomcropa19570730.pdf"
1957-08-20,1957-08-20,0,1,"Record of Policy Actions (176 KB PDF)","/monetarypolicy/files/fomcropa19570820.pdf"
1957-09-10,1957-09-10,0,1,"Record of Policy Actions (176 KB PDF)","/monetarypolicy/files/fomcropa19570910.pdf"
1957-10-01,1957-10-01,0,1,"Record of Policy Actions (277 KB PDF)","/monetarypolicy/files/fomcropa19571001.pdf"
1957-10-22,1957-10-22,0,1,"Record of Policy Actions (290 KB PDF)","/monetarypolicy/files/fomcropa19571022.pdf"
1957-11-12,1957-11-12,0,1,"Record of Policy Actions (295 KB PDF)","/monetarypolicy/files/fomcropa19571112.pdf"
1957-12-03,1957-12-03,0,1,"Record of Policy Actions (292 KB PDF)","/monetarypolicy/files/fomcropa19571203.pdf"
1957-12-17,1957-12-17,0,1,"Record of Policy Actions (282 KB PDF)","/monetarypolicy/files/fomcropa19571217.pdf"
1958-01-07,1958-01-07,0,1,"Record of Policy Actions (284 KB PDF)","/monetarypolicy/files/fomcropa19580107.pdf"
1958-01-28,1958-01-28,0,1,"Record of Policy Actions (187 KB PDF)","/monetarypolicy/files/fomcropa19580128.pdf"
1958-02-11,1958-02-11,0,1,"Record of Policy Actions (190 KB PDF)","/monetarypolicy/files/fomcropa19580211.pdf"
1958-03-04,1958-03-04,0,1,"Record of Policy Actions (385 KB PDF)","/monetarypolicy/files/fomcropa19580304.pdf"
1958-03-25,1958-03-25,0,1,"Record of Policy Actions (294 KB PDF)","/monetarypolicy/files/fomcropa19580325.pdf"
1958-04-15,1958-04-15,0,1,"Record of Policy Actions (293 KB PDF)","/monetarypolicy/files/fomcropa19580415.pdf"
1958-05-06,1958-05-06,0,1,"Record of Policy Actions (295 KB PDF)","/monetarypolicy/files/fomcropa19580506.pdf"
1958-05-27,1958-05-27,0,1,"Record of Policy Actions (293 KB PDF)","/monetarypolicy/files/fomcropa19580527.pdf"
1958-06-17,1958-06-17,0,1,"Record of Policy Actions (286 KB PDF)","/monetarypolicy/files/fomcropa19580617.pdf"
1958-07-08,1958-07-08,0,1,"Record of Policy Actions (186 KB PDF)","/monetarypolicy/files/fomcropa19580708.pdf"
1958-07-15,1958-07-15,0,0,"Historical Minutes (285 KB PDF)","/monetarypolicy/files/fomchistmin19580715.pdf"
1958-07-18,1958-07-18,0,0,"Record of Policy Actions (281 KB PDF)","/monetarypolicy/files/fomcropa19580718.pdf"
1958-07-21,1958-07-21,0,0,"Historical Minutes (206 KB PDF)","/monetarypolicy/files/fomchistmin19580721.pdf"
1958-07-22,1958-07-22,0,0,"Historical Minutes (321 KB PDF)","/monetarypolicy/files/fomchistmin19580722.pdf"
1958-07-23,1958-07-23,0,0,"Record of Policy Actions (281 KB PDF)","/monetarypolicy/files/fomcropa19580723.pdf"
1958-07-24,1958-07-24,0,0,"Record of Policy Actions (184 KB PDF)","/monetarypolicy/files/fomcropa19580724.pdf"
1958-07-25,1958-07-25,0,0,"Historical Minutes (123 KB PDF)","/monetarypolicy/files/fomchistmin19580725.pdf"
1958-07-29,1958-07-29,0,1,"Record of Policy Actions (277 KB PDF)","/monetarypolicy/files/fomcropa19580729.pdf"
1958-07-30,1958-07-30,0,0,"Historical Minutes (157 KB PDF)","/monetarypolicy/files/fomchistmin19580730.pdf"
1958-07-31,1958-07-31,0,0,"Historical Minutes (167 KB PDF)","/monetarypolicy/files/fomchistmin19580731.pdf"
1958-08-01,1958-08-01,0,0,"Historical Minutes (131 KB PDF)","/monetarypolicy/files/fomchistmin19580801.pdf"
1958-08-04,1958-08-04,0,0,"Record of Policy Actions (183 KB PDF)","/monetarypolicy/files/fomcropa19580804.pdf"
1958-08-19,1958-08-19,0,1,"Record of Policy Actions (288 KB PDF)","/monetarypolicy/files/fomcropa19580909.pdf"
1958-09-09,1958-09-09,0,1,"Record of Policy Actions (288 KB PDF)","/monetarypolicy/files/fomcropa19580909.pdf"
1958-09-30,1958-09-30,0,1,"Record of Policy Actions (188 KB PDF)","/monetarypolicy/files/fomcropa19580930.pdf"
1958-10-21,1958-10-21,0,1,"Record of Policy Actions (285 KB PDF)","/monetarypolicy/files/fomcropa19581021.pdf"
1958-11-10,1958-11-10,0,1,"Record of Policy Actions (283 KB PDF)","/monetarypolicy/files/fomcropa19581110.pdf"
1958-12-02,1958-12-02,0,1,"Record of Policy Actions (185 KB PDF)","/monetarypolicy/files/fomcropa19581202.pdf"
1958-12-16,1958-12-16,0,1,"Record of Policy Actions (351 KB PDF)","/monetarypolicy/files/fomcropa19581216.pdf"
1959-01-06,1959-01-06,0,1,"Record of Policy Actions (307 KB PDF)","/monetarypolicy/files/fomcropa19590106.pdf"
1959-01-27,1959-01-27,0,1,"Record of Policy Actions (200 KB PDF)","/monetarypolicy/files/fomcropa19590127.pdf"
1959-02-10,1959-02-10,0,1,"Record of Policy Actions (300 KB PDF)","/monetarypolicy/files/fomcropa19590210.pdf"
1959-03-03,1959-03-03,0,1,"Record of Policy Actions (301 KB PDF)","/monetarypolicy/files/fomcropa19590303.pdf"
1959-03-24,1959-03-24,0,1,"Record of Policy Actions (306 KB PDF)","/monetarypolicy/files/fomcropa19590324.pdf"
1959-04-14,1959-04-14,0,1,"Record of Policy Actions (306 KB PDF)","/monetarypolicy/files/fomcropa19590414.pdf"
1959-05-05,1959-05-05,0,1,"Record of Policy Actions (202 KB PDF)","/monetarypolicy/files/fomcropa19590505.pdf"
1959-05-26,1959-05-26,0,1,"Record of Policy Actions (316 KB PDF)","/monetarypolicy/files/fomcropa19590526.pdf"
1959-06-16,1959-06-16,0,1,"Record of Policy Actions (317 KB PDF)","/monetarypolicy/files/fomcropa19590616.pdf"
1959-07-07,1959-07-07,0,1,"Record of Policy Actions (314 KB PDF)","/monetarypolicy/files/fomcropa19590707.pdf"
1959-07-28,1959-07-28,0,1,"Record of Policy Actions (307 KB PDF)","/monetarypolicy/files/fomcropa19590728.pdf"
1959-08-18,1959-08-18,0,1,"Record of Policy Actions (219 KB PDF)","/monetarypolicy/files/fomcropa19590818.pdf"
1959-09-01,1959-09-01,0,1,"Record of Policy Actions (310 KB PDF)","/monetarypolicy/files/fomcropa19590901.pdf"
1959-09-22,1959-09-22,0,1,"Record of Policy Actions (320 KB PDF)","/monetarypolicy/files/fomcropa19590922.pdf"
1959-10-13,1959-10-13,0,1,"Record of Policy Actions (317 KB PDF)","/monetarypolicy/files/fomcropa19591013.pdf"
1959-11-04,1959-11-04,0,1,"Record of Policy Actions (305 KB PDF)","/monetarypolicy/files/fomcropa19591104.pdf"
1959-11-24,1959-11-24,0,1,"Record of Policy Actions (200 KB PDF)","/monetarypolicy/files/fomcropa19591124.pdf"
1959-12-15,1959-12-15,0,1,"Record of Policy Actions (387 KB PDF)","/monetarypolicy/files/fomcropa19591215.pdf"
1960-01-12,1960-01-12,0,1,"Record of Policy Actions (285 KB PDF)","/monetarypolicy/files/fomcropa19600112.pdf"
1960-01-26,1960-01-26,0,1,"Record of Policy Actions (194 KB PDF)","/monetarypolicy/files/fomcropa19600126.pdf"
1960-02-09,1960-02-09,0,1,"Record of Policy Actions (282 KB PDF)","/monetarypolicy/files/fomcropa19600209.pdf"
1960-03-01,1960-03-01,0,1,"Record of Policy Actions (375 KB PDF)","/monetarypolicy/files/fomcropa19600301.pdf"
1960-03-22,1960-03-22,0,1,"Record of Policy Actions (376 KB PDF)","/monetarypolicy/files/fomcropa19600322.pdf"
1960-04-12,1960-04-12,0,1,"Record of Policy Actions (378 KB PDF)","/monetarypolicy/files/fomcropa19600412.pdf"
1960-05-03,1960-05-03,0,1,"Record of Policy Actions (279 KB PDF)","/monetarypolicy/files/fomcropa19600503.pdf"
1960-05-24,1960-05-24,0,1,"Record of Policy Actions (279 KB PDF)","/monetarypolicy/files/fomcropa19600524.pdf"
1960-06-14,1960-06-14,0,1,"Record of Policy Actions (285 KB PDF)","/monetarypolicy/files/fomcropa19600614.pdf"
1960-07-06,1960-07-06,0,1,"Record of Policy Actions (272 KB PDF)","/monetarypolicy/files/fomcropa19600706.pdf"
1960-07-26,1960-07-26,0,1,"Record of Policy Actions (177 KB PDF)","/monetarypolicy/files/fomcropa19600726.pdf"
1960-08-16,1960-08-16,0,1,"Record of Policy Actions (280 KB PDF)","/monetarypolicy/files/fomcropa19600816.pdf"
1960-09-13,1960-09-13,0,1,"Record of Policy Actions (290 KB PDF)","/monetarypolicy/files/fomcropa19600913.pdf"
1960-10-04,1960-10-04,0,1,"Record of Policy Actions (280 KB PDF)","/monetarypolicy/files/fomcropa19601004.pdf"
1960-10-25,1960-10-25,0,1,"Record of Policy Actions (374 KB PDF)","/monetarypolicy/files/fomcropa19601025.pdf"
1960-11-22,1960-11-22,0,1,"Record of Policy Actions (278 KB PDF)","/monetarypolicy/files/fomcropa19601122.pdf"
1960-12-13,1960-12-13,0,1,"Record of Policy Actions (259 KB PDF)","/monetarypolicy/files/fomcropa19601213.pdf"
1961-01-10,1961-01-10,0,1,"Record of Policy Actions (262 KB PDF)","/monetarypolicy/files/fomcropa19610110.pdf"
1961-01-24,1961-01-24,0,1,"Record of Policy Actions (161 KB PDF)","/monetarypolicy/files/fomcropa19610124.pdf"
1961-02-07,1961-02-07,0,1,"Record of Policy Actions (447 KB PDF)","/monetarypolicy/files/fomcropa19610207.pdf"
1961-03-07,1961-03-07,0,1,"Record of Policy Actions (533 KB PDF)","/monetarypolicy/files/fomcropa19610307.pdf"
1961-03-28,1961-03-28,0,1,"Record of Policy Actions (354 KB PDF)","/monetarypolicy/files/fomcropa19610328.pdf"
1961-04-18,1961-04-18,0,1,"Record of Policy Actions (344 KB PDF)","/monetarypolicy/files/fomcropa19610418.pdf"
1961-05-09,1961-05-09,0,1,"Record of Policy Actions (353 KB PDF)","/monetarypolicy/files/fomcropa19610509.pdf"
1961-06-06,1961-06-06,0,1,"Record of Policy Actions (256 KB PDF)","/monetarypolicy/files/fomcropa19610606.pdf"
1961-06-20,1961-06-20,0,1,"Record of Policy Actions (247 KB PDF)","/monetarypolicy/files/fomcropa19610620.pdf"
1961-07-11,1961-07-11,0,1,"Record of Policy Actions (337 KB PDF)","/monetarypolicy/files/fomcropa19610711.pdf"
1961-08-01,1961-08-01,0,1,"Record of Policy Actions (243 KB PDF)","/monetarypolicy/files/fomcropa19610801.pdf"
1961-08-22,1961-08-22,0,1,"Record of Policy Actions (348 KB PDF)","/monetarypolicy/files/fomcropa19610822.pdf"
1961-09-12,1961-09-12,0,1,"Record of Policy Actions (246 KB PDF)","/monetarypolicy/files/fomcropa19610912.pdf"
1961-10-03,1961-10-03,0,1,"Record of Policy Actions (245 KB PDF)","/monetarypolicy/files/fomcropa19611003.pdf"
1961-10-24,1961-10-24,0,1,"Record of Policy Actions (247 KB PDF)","/monetarypolicy/files/fomcropa19611024.pdf"
1961-11-14,1961-11-14,0,1,"Record of Policy Actions (343 KB PDF)","/monetarypolicy/files/fomcropa19611114.pdf"
1961-12-05,1961-12-05,0,1,"Record of Policy Actions (248 KB PDF)","/monetarypolicy/files/fomcropa19611205.pdf"
1961-12-19,1961-12-19,0,1,"Record of Policy Actions (646 KB PDF)","/monetarypolicy/files/fomcropa19611219.pdf"
1962-01-09,1962-01-09,0,1,"Record of Policy Actions (429 KB PDF)","/monetarypolicy/files/fomcropa19620109.pdf"
1962-01-23,1962-01-23,0,1,"Record of Policy Actions (334 KB PDF)","/monetarypolicy/files/fomcropa19620123.pdf"
1962-02-13,1962-02-13,0,1,"Record of Policy Actions (699 KB PDF)","/monetarypolicy/files/fomcropa19620213.pdf"
1962-03-06,1962-03-06,0,1,"Record of Policy Actions (528 KB PDF)","/monetarypolicy/files/fomcropa19620306.pdf"
1962-03-27,1962-03-27,0,1,"Record of Policy Actions (338 KB PDF)","/monetarypolicy/files/fomcropa19620327.pdf"
1962-04-17,1962-04-17,0,1,"Record of Policy Actions (428 KB PDF)","/monetarypolicy/files/fomcropa19620417.pdf"
1962-05-08,1962-05-08,0,1,"Record of Policy Actions (328 KB PDF)","/monetarypolicy/files/fomcropa19620508.pdf"
1962-05-29,1962-05-29,0,1,"Record of Policy Actions (324 KB PDF)","/monetarypolicy/files/fomcropa19620529.pdf"
1962-06-19,1962-06-19,0,1,"Record of Policy Actions (405 KB PDF)","/monetarypolicy/files/fomcropa19620619.pdf"
1962-06-21,1962-06-21,0,0,"Record of Policy Actions (229 KB PDF)","/monetarypolicy/files/fomcropa19620621.pdf"
1962-07-10,1962-07-10,0,1,"Record of Policy Actions (409 KB PDF)","/monetarypolicy/files/fomcropa19620710.pdf"
1962-07-31,1962-07-31,0,1,"Record of Policy Actions (426 KB PDF)","/monetarypolicy/files/fomcropa19620731.pdf"
1962-08-21,1962-08-21,0,1,"Record of Policy Actions (337 KB PDF)","/monetarypolicy/files/fomcropa19620821.pdf"
1962-09-11,1962-09-11,0,1,"Record of Policy Actions (336 KB PDF)","/monetarypolicy/files/fomcropa19620911.pdf"
1962-10-02,1962-10-02,0,1,"Record of Policy Actions (422 KB PDF)","/monetarypolicy/files/fomcropa19621002.pdf"
1962-10-23,1962-10-23,0,1,"Record of Policy Actions (325 KB PDF)","/monetarypolicy/files/fomcropa19621023.pdf"
1962-11-13,1962-11-13,0,1,"Record of Policy Actions (423 KB PDF)","/monetarypolicy/files/fomcropa19621113.pdf"
1962-12-04,1962-12-04,0,1,"Record of Policy Actions (323 KB PDF)","/monetarypolicy/files/fomcropa19621204.pdf"
1962-12-18,1962-12-18,0,1,"Record of Policy Actions (370 KB PDF)","/monetarypolicy/files/fomcropa19621218.pdf"
1963-01-08,1963-01-08,0,1,"Record of Policy Actions (310 KB PDF)","/monetarypolicy/files/fomcropa19630108.pdf"
1963-01-29,1963-01-29,0,1,"Record of Policy Actions (314 KB PDF)","/monetarypolicy/files/fomcropa19630129.pdf"
1963-02-12,1963-02-12,0,1,"Record of Policy Actions (240 KB PDF)","/monetarypolicy/files/fomcropa19630212.pdf"
1963-03-05,1963-03-05,0,1,"Record of Policy Actions (313 KB PDF)","/monetarypolicy/files/fomcropa19630305.pdf"
1963-03-26,1963-03-26,0,1,"Record of Policy Actions (316 KB PDF)","/monetarypolicy/files/fomcropa19630326.pdf"
1963-04-16,1963-04-16,0,1,"Record of Policy Actions (237 KB PDF)","/monetarypolicy/files/fomcropa19630416.pdf"
1963-05-07,1963-05-07,0,1,"Record of Policy Actions (245 KB PDF)","/monetarypolicy/files/fomcropa19630507.pdf"
1963-05-28,1963-05-28,0,1,"Record of Policy Actions (413 KB PDF)","/monetarypolicy/files/fomcropa19630528.pdf"
1963-06-18,1963-06-18,0,1,"Record of Policy Actions (237 KB PDF)","/monetarypolicy/files/fomcropa19630618.pdf"
1963-07-09,1963-07-09,0,1,"Record of Policy Actions (332 KB PDF)","/monetarypolicy/files/fomcropa19630709.pdf"
1963-07-30,1963-07-30,0,1,"Record of Policy Actions (328 KB PDF)","/monetarypolicy/files/fomcropa19630730.pdf"
1963-08-20,1963-08-20,0,1,"Record of Policy Actions (237 KB PDF)","/monetarypolicy/files/fomcropa19630820.pdf"
1963-09-10,1963-09-10,0,1,"Record of Policy Actions (316 KB PDF)","/monetarypolicy/files/fomcropa19630910.pdf"
1963-10-01,1963-10-01,0,1,"Record of Policy Actions (393 KB PDF)","/monetarypolicy/files/fomcropa19631001.pdf"
1963-10-22,1963-10-22,0,1,"Record of Policy Actions (318 KB PDF)","/monetarypolicy/files/fomcropa19631022.pdf"
1963-11-12,1963-11-12,0,1,"Record of Policy Actions (405 KB PDF)","/monetarypolicy/files/fomcropa19631112.pdf"
1963-11-26,1963-11-26,0,0,"Record of Policy Actions (153 KB PDF)","/monetarypolicy/files/fomcropa19631126.pdf"
1963-12-03,1963-12-03,0,1,"Record of Policy Actions (316 KB PDF)","/monetarypolicy/files/fomcropa19631203.pdf"
1963-12-17,1963-12-17,0,1,"Record of Policy Actions (225 KB PDF)","/monetarypolicy/files/fomcropa19631217.pdf"
1964-01-07,1964-01-07,0,1,"Record of Policy Actions (316 KB PDF)","/monetarypolicy/files/fomcropa19640107.pdf"
1964-01-28,1964-01-28,0,1,"Record of Policy Actions (230 KB PDF)","/monetarypolicy/files/fomcropa19640128.pdf"
1964-02-11,1964-02-11,0,1,"Record of Policy Actions (324 KB PDF)","/monetarypolicy/files/fomcropa19640211.pdf"
1964-03-03,1964-03-03,0,1,"Record of Policy Actions (416 KB PDF)","/monetarypolicy/files/fomcropa19640303.pdf"
1964-03-24,1964-03-24,0,1,"Record of Policy Actions (237 KB PDF)","/monetarypolicy/files/fomcropa19640324.pdf"
1964-04-14,1964-04-14,0,1,"Record of Policy Actions (242 KB PDF)","/monetarypolicy/files/fomcropa19640414.pdf"
1964-05-05,1964-05-05,0,1,"Record of Policy Actions (236 KB PDF)","/monetarypolicy/files/fomcropa19640505.pdf"
1964-05-26,1964-05-26,0,1,"Record of Policy Actions (233 KB PDF)","/monetarypolicy/files/fomcropa19640526.pdf"
1964-06-17,1964-06-17,0,1,"Record of Policy Actions (331 KB PDF)","/monetarypolicy/files/fomcropa19640617.pdf"
1964-07-07,1964-07-07,0,1,"Record of Policy Actions (236 KB PDF)","/monetarypolicy/files/fomcropa19640707.pdf"
1964-07-28,1964-07-28,0,1,"Record of Policy Actions (236 KB PDF)","/monetarypolicy/files/fomcropa19640728.pdf"
1964-08-18,1964-08-18,0,1,"Record of Policy Actions (336 KB PDF)","/monetarypolicy/files/fomcropa19640818.pdf"
1964-09-08,1964-09-08,0,1,"Record of Policy Actions (236 KB PDF)","/monetarypolicy/files/fomcropa19640908.pdf"
1964-09-29,1964-09-29,0,1,"Record of Policy Actions (324 KB PDF)","/monetarypolicy/files/fomcropa19640929.pdf"
1964-10-20,1964-10-20,0,1,"Record of Policy Actions (383 KB PDF)","/monetarypolicy/files/fomcropa19641020.pdf"
1964-11-10,1964-11-10,0,1,"Record of Policy Actions (302 KB PDF)","/monetarypolicy/files/fomcropa19641110.pdf"
1964-11-24,1964-11-24,0,0,"Record of Policy Actions (217 KB PDF)","/monetarypolicy/files/fomcropa19641124.pdf"
1964-12-01,1964-12-01,0,1,"Record of Policy Actions (238 KB PDF)","/monetarypolicy/files/fomcropa19641201.pdf"
1964-12-15,1964-12-15,0,1,"Record of Policy Actions (338 KB PDF)","/monetarypolicy/files/fomcropa19641215.pdf"
1965-01-12,1965-01-12,0,1,"Record of Policy Actions (300 KB PDF)","/monetarypolicy/files/fomcropa19650112.pdf"
1965-02-02,1965-02-02,0,1,"Record of Policy Actions (304 KB PDF)","/monetarypolicy/files/fomcropa19650202.pdf"
1965-03-02,1965-03-02,0,1,"Record of Policy Actions (485 KB PDF)","/monetarypolicy/files/fomcropa19650302.pdf"
1965-03-23,1965-03-23,0,1,"Record of Policy Actions (391 KB PDF)","/monetarypolicy/files/fomcropa19650323.pdf"
1965-04-13,1965-04-13,0,1,"Record of Policy Actions (224 KB PDF)","/monetarypolicy/files/fomcropa19650413.pdf"
1965-05-11,1965-05-11,0,1,"Record of Policy Actions (314 KB PDF)","/monetarypolicy/files/fomcropa19650511.pdf"
1965-05-25,1965-05-25,0,1,"Record of Policy Actions (232 KB PDF)","/monetarypolicy/files/fomcropa19650525.pdf"
1965-06-15,1965-06-15,0,1,"Record of Policy Actions (323 KB PDF)","/monetarypolicy/files/fomcropa19650615.pdf"
1965-07-13,1965-07-13,0,1,"Record of Policy Actions (316 KB PDF)","/monetarypolicy/files/fomcropa19650713.pdf"
1965-08-10,1965-08-10,0,1,"Record of Policy Actions (300 KB PDF)","/monetarypolicy/files/fomcropa19650810.pdf"
1965-08-31,1965-08-31,0,1,"Record of Policy Actions (295 KB PDF)","/monetarypolicy/files/fomcropa19650831.pdf"
1965-09-08,1965-09-08,0,0,"Record of Policy Actions (128 KB PDF)","/monetarypolicy/files/fomcropa19650908.pdf"
1965-09-28,1965-09-28,0,1,"Record of Policy Actions (379 KB PDF)","/monetarypolicy/files/fomcropa19650928.pdf"
1965-10-12,1965-10-12,0,1,"Record of Policy Actions (312 KB PDF)","/monetarypolicy/files/fomcropa19651012.pdf"
1965-11-02,1965-11-02,0,1,"Record of Policy Actions (225 KB PDF)","/monetarypolicy/files/fomcropa19651102.pdf"
1965-11-04,1965-11-04,0,0,"Record of Policy Actions: see November 23, 1965 Record",NA
1965-11-23,1965-11-23,0,1,"Record of Policy Actions (408 KB PDF)","/monetarypolicy/files/fomcropa19651123.pdf"
1965-12-14,1965-12-14,0,1,"Record of Policy Actions (318 KB PDF)","/monetarypolicy/files/fomcropa19651214.pdf"
1966-01-11,1966-01-11,0,1,"Record of Policy Actions (381 KB PDF)","/monetarypolicy/files/fomcropa19660111.pdf"
1966-02-08,1966-02-08,0,1,"Record of Policy Actions (378 KB PDF)","/monetarypolicy/files/fomcropa19660208.pdf"
1966-03-01,1966-03-01,0,1,"Record of Policy Actions (364 KB PDF)","/monetarypolicy/files/fomcropa19660301.pdf"
1966-03-22,1966-03-22,0,1,"Record of Policy Actions (364 KB PDF)","/monetarypolicy/files/fomcropa19660322.pdf"
1966-04-12,1966-04-12,0,1,"Record of Policy Actions (360 KB PDF)","/monetarypolicy/files/fomcropa19660412.pdf"
1966-05-10,1966-05-10,0,1,"Record of Policy Actions (460 KB PDF)","/monetarypolicy/files/fomcropa19660510.pdf"
1966-06-07,1966-06-07,0,1,"Record of Policy Actions (633 KB PDF)","/monetarypolicy/files/fomcropa19660607.pdf"
1966-06-28,1966-06-28,0,1,"Record of Policy Actions (467 KB PDF)","/monetarypolicy/files/fomcropa19660628.pdf"
1966-07-11,1966-07-11,0,0,"Record of Policy Actions: see July 26, 1966 Record",NA
1966-07-26,1966-07-26,0,1,"Record of Policy Actions (375 KB PDF)","/monetarypolicy/files/fomcropa19660726.pdf"
1966-08-23,1966-08-23,0,1,"Record of Policy Actions (485 KB PDF)","/monetarypolicy/files/fomcropa19660823.pdf"
1966-09-13,1966-09-13,0,1,"Record of Policy Actions (454 KB PDF)","/monetarypolicy/files/fomcropa19660913.pdf"
1966-10-04,1966-10-04,0,1,"Record of Policy Actions (357 KB PDF)","/monetarypolicy/files/fomcropa19661004.pdf"
1966-11-01,1966-11-01,0,1,"Record of Policy Actions (474 KB PDF)","/monetarypolicy/files/fomcropa19661101.pdf"
1966-11-22,1966-11-22,0,1,"Record of Policy Actions (371 KB PDF)","/monetarypolicy/files/fomcropa19661122.pdf"
1966-12-13,1966-12-13,0,1,"Record of Policy Actions (439 KB PDF)","/monetarypolicy/files/fomcropa19661213.pdf"
1967-01-10,1967-01-10,0,1,"Record of Policy Actions (2.09 MB PDF)","/monetarypolicy/files/fomcropa19670110.pdf"
1967-02-07,1967-02-07,0,1,"Record of Policy Actions (2.09 MB PDF)","/monetarypolicy/files/fomcropa19670207.pdf"
1967-03-07,1967-03-07,0,1,"Record of Policy Actions (2.09 MB PDF)","/monetarypolicy/files/fomcropa19670307.pdf"
1967-04-04,1967-04-04,0,1,"Record of Policy Actions (2.09 MB PDF)","/monetarypolicy/files/fomcropa19670404.pdf"
1967-05-02,1967-05-02,0,1,"Record of Policy Actions (322 KB PDF)","/monetarypolicy/files/fomcropa19670502.pdf"
1967-05-23,1967-05-23,0,1,"Record of Policy Actions (430 KB PDF)","/monetarypolicy/files/fomcropa19670523.pdf"
1967-06-20,1967-06-20,0,1,"Record of Policy Actions (365 KB PDF)","/monetarypolicy/files/fomcropa19670620.pdf"
1967-07-18,1967-07-18,0,1,"Record of Policy Actions (518 KB PDF)","/monetarypolicy/files/fomcropa19670718.pdf"
1967-08-15,1967-08-15,0,1,"Record of Policy Actions (351 KB PDF)","/monetarypolicy/files/fomcropa19670815.pdf"
1967-09-12,1967-09-12,0,1,"Record of Policy Actions (387 KB PDF)","/monetarypolicy/files/fomcropa19670912.pdf"
1967-10-03,1967-10-03,0,1,"Record of Policy Actions (319 KB PDF)","/monetarypolicy/files/fomcropa19671003.pdf"
1967-10-24,1967-10-24,0,1,"Record of Policy Actions (326 KB PDF)","/monetarypolicy/files/fomcropa19671024.pdf"
1967-11-14,1967-11-14,0,1,"Record of Policy Actions (447 KB PDF)","/monetarypolicy/files/fomcropa19671114.pdf"
1967-11-27,1967-11-27,0,1,"Record of Policy Actions (556 KB PDF)","/monetarypolicy/files/fomcropa19671127.pdf"
1967-12-12,1967-12-12,0,1,"Record of Policy Actions (429 KB PDF)","/monetarypolicy/files/fomcropa19671212.pdf"
1968-01-09,1968-01-09,0,1,"Record of Policy Actions (484 KB PDF)","/monetarypolicy/files/fomcropa19680109.pdf"
1968-02-06,1968-02-06,0,1,"Record of Policy Actions (297 KB PDF)","/monetarypolicy/files/fomcropa19680206.pdf"
1968-03-05,1968-03-05,0,1,"Record of Policy Actions (450 KB PDF)","/monetarypolicy/files/fomcropa19680305.pdf"
1968-03-14,1968-03-14,0,0,"Record of Policy Actions (224 KB PDF)","/monetarypolicy/files/fomcropa19680314.pdf"
1968-04-02,1968-04-02,0,1,"Record of Policy Actions (375 KB PDF)","/monetarypolicy/files/fomcropa19680402.pdf"
1968-04-19,1968-04-19,0,0,"Record of Policy Actions (81 KB PDF)","/monetarypolicy/files/fomcropa19680419.pdf"
1968-04-30,1968-04-30,0,1,"Record of Policy Actions (453 KB PDF)","/monetarypolicy/files/fomcropa19680430.pdf"
1968-05-28,1968-05-28,0,1,"Record of Policy Actions (390 KB PDF)","/monetarypolicy/files/fomcropa19680528.pdf"
1968-06-18,1968-06-18,0,1,"Record of Policy Actions (355 KB PDF)","/monetarypolicy/files/fomcropa19680618.pdf"
1968-07-16,1968-07-16,0,1,"Record of Policy Actions (617 KB PDF)","/monetarypolicy/files/fomcropa19680716.pdf"
1968-08-13,1968-08-13,0,1,"Record of Policy Actions (369 KB PDF)","/monetarypolicy/files/fomcropa19680813.pdf"
1968-08-19,1968-08-19,0,0,"Record of Policy Actions (115 KB PDF)","/monetarypolicy/files/fomcropa19680819.pdf"
1968-09-10,1968-09-10,0,1,"Record of Policy Actions (362 KB PDF)","/monetarypolicy/files/fomcropa19680910.pdf"
1968-10-08,1968-10-08,0,1,"Record of Policy Actions (484 KB PDF)","/monetarypolicy/files/fomcropa19681008.pdf"
1968-10-29,1968-10-29,0,1,"Record of Policy Actions (342 KB PDF)","/monetarypolicy/files/fomcropa19681029.pdf"
1968-11-26,1968-11-26,0,1,"Record of Policy Actions (822 KB PDF)","/monetarypolicy/files/fomcropa19681126.pdf"
1968-12-17,1968-12-17,0,1,"Record of Policy Actions (822 KB PDF)","/monetarypolicy/files/fomcropa19681217.pdf"
1969-01-14,1969-01-14,0,1,"Record of Policy Actions (451 KB PDF)","/monetarypolicy/files/fomcropa19690114.pdf"
1969-02-04,1969-02-04,0,1,"Record of Policy Actions (351 KB PDF)","/monetarypolicy/files/fomcropa19690204.pdf"
1969-03-04,1969-03-04,0,1,"Record of Policy Actions (565 KB PDF)","/monetarypolicy/files/fomcropa19690304.pdf"
1969-04-01,1969-04-01,0,1,"Record of Policy Actions (416 KB PDF)","/monetarypolicy/files/fomcropa19690401.pdf"
1969-04-29,1969-04-29,0,1,"Record of Policy Actions (457 KB PDF)","/monetarypolicy/files/fomcropa19690429.pdf"
1969-05-27,1969-05-27,0,1,"Record of Policy Actions (500 KB PDF)","/monetarypolicy/files/fomcropa19690527.pdf"
1969-06-24,1969-06-24,0,1,"Record of Policy Actions (463 KB PDF)","/monetarypolicy/files/fomcropa19690624.pdf"
1969-07-15,1969-07-15,0,1,"Record of Policy Actions (476 KB PDF)","/monetarypolicy/files/fomcropa19690715.pdf"
1969-08-12,1969-08-12,0,1,"Record of Policy Actions (497 KB PDF)","/monetarypolicy/files/fomcropa19690812.pdf"
1969-09-09,1969-09-09,0,1,"Record of Policy Actions (534 KB PDF)","/monetarypolicy/files/fomcropa19690909.pdf"
1969-10-07,1969-10-07,0,1,"Record of Policy Actions (660 KB PDF)","/monetarypolicy/files/fomcropa19691007.pdf"
1969-10-28,1969-10-28,0,1,"Record of Policy Actions (340 KB PDF)","/monetarypolicy/files/fomcropa19691028.pdf"
1969-11-25,1969-11-25,0,1,"Record of Policy Actions (690 KB PDF)","/monetarypolicy/files/fomcropa19691125.pdf"
1969-12-16,1969-12-16,0,1,"Record of Policy Actions (690 KB PDF)","/monetarypolicy/files/fomcropa19691216.pdf"
1970-01-15,1970-01-15,0,1,"Record of Policy Actions (423 KB PDF)","/monetarypolicy/files/fomcropa19700115.pdf"
1970-02-10,1970-02-10,0,1,"Record of Policy Actions (458 KB PDF)","/monetarypolicy/files/fomcropa19700210.pdf"
1970-03-10,1970-03-10,0,1,"Record of Policy Actions (500 KB PDF)","/monetarypolicy/files/fomcropa19700310.pdf"
1970-04-07,1970-04-07,0,1,"Record of Policy Actions (401 KB PDF)","/monetarypolicy/files/fomcropa19700407.pdf"
1970-05-05,1970-05-05,0,1,"Record of Policy Actions (379 KB PDF)","/monetarypolicy/files/fomcropa19700505.pdf"
1970-05-26,1970-05-26,0,1,"Record of Policy Actions (307 KB PDF)","/monetarypolicy/files/fomcropa19700526.pdf"
1970-06-23,1970-06-23,0,1,"Record of Policy Actions (342 KB PDF)","/monetarypolicy/files/fomcropa19700623.pdf"
1970-07-21,1970-07-21,0,1,"Record of Policy Actions (396 KB PDF)","/monetarypolicy/files/fomcropa19700721.pdf"
1970-08-18,1970-08-18,0,1,"Record of Policy Actions (425 KB PDF)","/monetarypolicy/files/fomcropa19700818.pdf"
1970-09-15,1970-09-15,0,1,"Record of Policy Actions (398 KB PDF)","/monetarypolicy/files/fomcropa19700915.pdf"
1970-10-20,1970-10-20,0,1,"Record of Policy Actions (382 KB PDF)","/monetarypolicy/files/fomcropa19701020.pdf"
1970-11-17,1970-11-17,0,1,"Record of Policy Actions (465 KB PDF)","/monetarypolicy/files/fomcropa19701117.pdf"
1970-12-15,1970-12-15,0,1,"Record of Policy Actions (415 KB PDF)","/monetarypolicy/files/fomcropa19701215.pdf"
1971-01-12,1971-01-12,0,1,"Record of Policy Actions (433 KB PDF)","/monetarypolicy/files/fomcropa19710112.pdf"
1971-02-09,1971-02-09,0,1,"Record of Policy Actions (424 KB PDF)","/monetarypolicy/files/fomcropa19710209.pdf"
1971-03-09,1971-03-09,0,1,"Record of Policy Actions (530 KB PDF)","/monetarypolicy/files/fomcropa19710309.pdf"
1971-04-06,1971-04-06,0,1,"Record of Policy Actions (469 KB PDF)","/monetarypolicy/files/fomcropa19710406.pdf"
1971-05-11,1971-05-11,0,1,"Record of Policy Actions (489 KB PDF)","/monetarypolicy/files/fomcropa19710511.pdf"
1971-06-08,1971-06-08,0,1,"Record of Policy Actions (438 KB PDF)","/monetarypolicy/files/fomcropa19710608.pdf"
1971-06-29,1971-06-29,0,1,"Record of Policy Actions (411 KB PDF)","/monetarypolicy/files/fomcropa19710629.pdf"
1971-07-27,1971-07-27,0,1,"Record of Policy Actions (347 KB PDF)","/monetarypolicy/files/fomcropa19710727.pdf"
1971-08-24,1971-08-24,0,1,"Record of Policy Actions (556 KB PDF)","/monetarypolicy/files/fomcropa19710824.pdf"
1971-09-21,1971-09-21,0,1,"Record of Policy Actions (353 KB PDF)","/monetarypolicy/files/fomcropa19710921.pdf"
1971-10-19,1971-10-19,0,1,"Record of Policy Actions (399 KB PDF)","/monetarypolicy/files/fomcropa19711019.pdf"
1971-11-16,1971-11-16,0,1,"Record of Policy Actions (366 KB PDF)","/monetarypolicy/files/fomcropa19711116.pdf"
1971-12-14,1971-12-14,0,1,"Record of Policy Actions (464 KB PDF)","/monetarypolicy/files/fomcropa19711214.pdf"
1972-01-11,1972-01-11,0,1,"Record of Policy Actions (408 KB PDF)","/monetarypolicy/files/fomcropa19720111.pdf"
1972-02-14,1972-02-14,0,1,"Memoranda of Discussion (1.75 MB PDF)","/monetarypolicy/files/fomcmod19720214.pdf"
1972-02-15,1972-02-15,0,1,"Record of Policy Actions (473 KB PDF)","/monetarypolicy/files/fomcropa19720215.pdf"
1972-03-21,1972-03-21,0,1,"Record of Policy Actions (465 KB PDF)","/monetarypolicy/files/fomcropa19720321.pdf"
1972-04-17,1972-04-17,0,1,"Minutes of Actions (99 KB PDF)","/monetarypolicy/files/fomcmoa19720417.pdf"
1972-04-18,1972-04-18,0,1,"Record of Policy Actions (499 KB PDF)","/monetarypolicy/files/fomcropa19720418.pdf"
1972-05-23,1972-05-23,0,1,"Record of Policy Actions (342 KB PDF)","/monetarypolicy/files/fomcropa19720523.pdf"
1972-06-19,1972-06-20,0,1,"Record of Policy Actions (374 KB PDF)","/monetarypolicy/files/fomcropa19720620.pdf"
1972-07-18,1972-07-18,0,1,"Record of Policy Actions (338 KB PDF)","/monetarypolicy/files/fomcropa19720718.pdf"
1972-08-15,1972-08-15,0,1,"Record of Policy Actions (331 KB PDF)","/monetarypolicy/files/fomcropa19720815.pdf"
1972-09-19,1972-09-19,0,1,"Record of Policy Actions (388 KB PDF)","/monetarypolicy/files/fomcropa19720919.pdf"
1972-10-17,1972-10-17,0,1,"Record of Policy Actions (310 KB PDF)","/monetarypolicy/files/fomcropa19721017.pdf"
1972-11-20,1972-11-21,0,1,"Record of Policy Actions (358 KB PDF)","/monetarypolicy/files/fomcropa19721121.pdf"
1972-12-19,1972-12-19,0,1,"Record of Policy Actions (328 KB PDF)","/monetarypolicy/files/fomcropa19721219.pdf"
1973-01-16,1973-01-16,0,1,"Record of Policy Actions (370 KB PDF)","/monetarypolicy/files/fomcropa19730116.pdf"
1973-02-13,1973-02-13,0,1,"Record of Policy Actions (394 KB PDF)","/monetarypolicy/files/fomcropa19730213.pdf"
1973-03-07,1973-03-07,0,0,"Memoranda of Discussion (625 KB PDF)","/monetarypolicy/files/fomcmod19730307.pdf"
1973-03-19,1973-03-20,0,1,"Record of Policy Actions (577 KB PDF)","/monetarypolicy/files/fomcropa19730320.pdf"
1973-04-17,1973-04-17,0,1,"Record of Policy Actions (425 KB PDF)","/monetarypolicy/files/fomcropa19730417.pdf"
1973-05-15,1973-05-15,0,1,"Record of Policy Actions (392 KB PDF)","/monetarypolicy/files/fomcropa19730515.pdf"
1973-06-18,1973-06-19,0,1,"Record of Policy Actions (520 KB PDF)","/monetarypolicy/files/fomcropa19730619.pdf"
1973-07-09,1973-07-09,0,0,"Minutes of Actions (87 KB PDF)","/monetarypolicy/files/fomcmoa19730709.pdf"
1973-07-17,1973-07-17,0,1,"Record of Policy Actions (407 KB PDF)","/monetarypolicy/files/fomcropa19730717.pdf"
1973-08-21,1973-08-21,0,1,"Record of Policy Actions (401 KB PDF)","/monetarypolicy/files/fomcropa19730821.pdf"
1973-09-18,1973-09-18,0,1,"Record of Policy Actions (489 KB PDF)","/monetarypolicy/files/fomcropa19730918.pdf"
1973-10-02,1973-10-02,0,0,"Record of Policy Actions: see October 16, 1973 Record",NA
1973-10-10,1973-10-10,0,0,"Record of Policy Actions: see October 16, 1973 Record",NA
1973-10-16,1973-10-16,0,1,"Record of Policy Actions (474 KB PDF)","/monetarypolicy/files/fomcropa19731016.pdf"
1973-11-19,1973-11-20,0,1,"Record of Policy Actions (463 KB PDF)","/monetarypolicy/files/fomcropa19731120.pdf"
1973-12-17,1973-12-18,0,1,"Record of Policy Actions (550 KB PDF)","/monetarypolicy/files/fomcropa19731218.pdf"
1974-01-21,1974-01-22,0,1,"Record of Policy Actions (631 KB PDF)","/monetarypolicy/files/fomcropa19740122.pdf"
1974-02-20,1974-02-20,0,1,"Record of Policy Actions (519 KB PDF)","/monetarypolicy/files/fomcropa19740220.pdf"
1974-03-18,1974-03-19,0,1,"Record of Policy Actions (968 KB PDF)","/monetarypolicy/files/fomcropa19740319.pdf"
1974-04-15,1974-04-16,0,1,"Record of Policy Actions (567 KB PDF)","/monetarypolicy/files/fomcropa19740416.pdf"
1974-05-21,1974-05-21,0,1,"Record of Policy Actions (526 KB PDF)","/monetarypolicy/files/fomcropa19740521.pdf"
1974-06-18,1974-06-18,0,1,"Record of Policy Actions (625 KB PDF)","/monetarypolicy/files/fomcropa19740618.pdf"
1974-07-05,1974-07-05,0,0,"Record of Policy Actions: see July 16, 1974 Record",NA
1974-07-16,1974-07-16,0,1,"Record of Policy Actions (737 KB PDF)","/monetarypolicy/files/fomcropa19740716.pdf"
1974-08-20,1974-08-20,0,1,"Record of Policy Actions (480 KB PDF)","/monetarypolicy/files/fomcropa19740820.pdf"
1974-09-10,1974-09-10,0,1,"Record of Policy Actions (519 KB PDF)","/monetarypolicy/files/fomcropa19740910.pdf"
1974-10-14,1974-10-15,0,1,"Record of Policy Actions (579 KB PDF)","/monetarypolicy/files/fomcropa19741015.pdf"
1974-11-19,1974-11-19,0,1,"Record of Policy Actions (512 KB PDF)","/monetarypolicy/files/fomcropa19741119.pdf"
1974-12-16,1974-12-17,0,1,"Record of Policy Actions (385 KB PDF)","/monetarypolicy/files/fomcropa19741217.pdf"
1975-01-20,1975-01-21,0,1,"Record of Policy Actions (634 KB PDF)","/monetarypolicy/files/fomcropa19750121.pdf"
1975-02-19,1975-02-19,0,1,"Record of Policy Actions (511 KB PDF)","/monetarypolicy/files/fomcropa19750219.pdf"
1975-03-18,1975-03-18,0,1,"Record of Policy Actions (463 KB PDF)","/monetarypolicy/files/fomcropa19750318.pdf"
1975-04-14,1975-04-15,0,1,"Record of Policy Actions (505 KB PDF)","/monetarypolicy/files/fomcropa19750415.pdf"
1975-05-20,1975-05-20,0,1,"Record of Policy Actions (489 KB PDF)","/monetarypolicy/files/fomcropa19750520.pdf"
1975-06-16,1975-06-17,0,1,"Record of Policy Actions (587 KB PDF)","/monetarypolicy/files/fomcropa19750617.pdf"
1975-07-15,1975-07-15,0,1,"Record of Policy Actions (465 KB PDF)","/monetarypolicy/files/fomcropa19750715.pdf"
1975-08-19,1975-08-19,0,1,"Record of Policy Actions (566 KB PDF)","/monetarypolicy/files/fomcropa19750819.pdf"
1975-09-16,1975-09-16,0,1,"Record of Policy Actions (526 KB PDF)","/monetarypolicy/files/fomcropa19750916.pdf"
1975-10-21,1975-10-21,0,1,"Record of Policy Actions (490 KB PDF)","/monetarypolicy/files/fomcropa19751021.pdf"
1975-11-18,1975-11-18,0,1,"Record of Policy Actions (477 KB PDF)","/monetarypolicy/files/fomcropa19751118.pdf"
1975-12-16,1975-12-16,0,1,"Record of Policy Actions (472 KB PDF)","/monetarypolicy/files/fomcropa19751216.pdf"
1976-01-20,1976-01-20,0,1,"Record of Policy Actions (460 KB PDF)","/monetarypolicy/files/fomcropa19760120.pdf"
1976-02-17,1976-02-18,0,1,"Record of Policy Actions (439 KB PDF)","/monetarypolicy/files/fomcropa19760218.pdf"
1976-03-15,1976-03-16,0,1,"Record of Policy Actions (429 KB PDF)","/monetarypolicy/files/fomcropa19760316.pdf"
1976-03-29,1976-03-29,0,1,"Record of Policy Actions: see April 20, 1976 Record",NA
1976-04-20,1976-04-20,0,1,"Record of Policy Actions (579 KB PDF)","/monetarypolicy/files/fomcropa19760420.pdf"
1976-05-18,1976-05-18,0,1,"Record of Policy Actions (731 KB PDF)","/monetarypolicy/files/fomcropa19760518.pdf"
1976-06-22,1976-06-22,0,1,"Record of Policy Actions (686 KB PDF)","/monetarypolicy/files/fomcropa19760622.pdf"
1976-07-19,1976-07-20,0,1,"Record of Policy Actions (856 KB PDF)","/monetarypolicy/files/fomcropa19760720.pdf"
1976-08-17,1976-08-17,0,1,"Record of Policy Actions (777 KB PDF)","/monetarypolicy/files/fomcropa19760817.pdf"
1976-09-21,1976-09-21,0,1,"Record of Policy Actions (799 KB PDF)","/monetarypolicy/files/fomcropa19760921.pdf"
1976-10-19,1976-10-19,0,1,"Record of Policy Actions (1.09 MB PDF)","/monetarypolicy/files/fomcropa19761019.pdf"
1976-11-08,1976-11-08,0,0,"Record of Policy Actions: see November 16, 1976 Record",NA
1976-11-16,1976-11-16,0,1,"Record of Policy Actions (851 KB PDF)","/monetarypolicy/files/fomcropa19761116.pdf"
1976-12-20,1976-12-21,0,1,"Record of Policy Actions (1.24 MB PDF)","/monetarypolicy/files/fomcropa19761221.pdf"
1977-01-17,1977-01-18,0,1,"Record of Policy Actions (1.06 MB PDF)","/monetarypolicy/files/fomcropa19770118.pdf"
1977-02-15,1977-02-15,0,1,"Record of Policy Actions (1.02 MB PDF)","/monetarypolicy/files/fomcropa19770215.pdf"
1977-03-15,1977-03-15,0,1,"Record of Policy Actions (970 KB PDF)","/monetarypolicy/files/fomcropa19770315.pdf"
1977-04-19,1977-04-19,0,1,"Record of Policy Actions (1.02 MB PDF)","/monetarypolicy/files/fomcropa19770419.pdf"
1977-05-17,1977-05-17,0,1,"Record of Policy Actions (783 KB PDF)","/monetarypolicy/files/fomcropa19770517.pdf"
1977-05-27,1977-05-27,0,0,"Transcript (268 KB PDF)","/monetarypolicy/files/FOMC19770527confcall.pdf"
1977-06-21,1977-06-21,0,1,"Record of Policy Actions (739 KB PDF)","/monetarypolicy/files/fomcropa19770621.pdf"
1977-07-19,1977-07-19,0,1,"Record of Policy Actions (942 KB PDF)","/monetarypolicy/files/fomcropa19770719.pdf"
1977-08-16,1977-08-16,0,1,"Record of Policy Actions (732 KB PDF)","/monetarypolicy/files/fomcropa19770816.pdf"
1977-09-20,1977-09-20,0,1,"Record of Policy Actions (867 KB PDF)","/monetarypolicy/files/fomcropa19770920.pdf"
1977-10-17,1977-10-18,0,1,"Record of Policy Actions (1.12 MB PDF)","/monetarypolicy/files/fomcropa19771018.pdf"
1977-11-15,1977-11-15,0,1,"Record of Policy Actions (758 KB PDF)","/monetarypolicy/files/fomcropa19771115.pdf"
1977-12-19,1977-12-20,0,1,"Record of Policy Actions (896 KB PDF)","/monetarypolicy/files/fomcropa19771220.pdf"
1978-01-05,1978-01-05,0,0,"Transcript (40 KB PDF)","/monetarypolicy/files/FOMC19780105confcall.pdf"
1978-01-17,1978-01-17,0,1,"Record of Policy Actions (1.11 MB PDF)","/monetarypolicy/files/fomcropa19780117.pdf"
1978-02-28,1978-02-28,0,1,"Record of Policy Actions (1.17 MB PDF)","/monetarypolicy/files/fomcropa19780228.pdf"
1978-03-10,1978-03-10,0,0,"Record of Policy Actions: see February 28, 1978 Record",NA
1978-03-21,1978-03-21,0,1,"Record of Policy Actions (919 KB PDF)","/monetarypolicy/files/fomcropa19780321.pdf"
1978-04-18,1978-04-18,0,1,"Record of Policy Actions (961 KB PDF)","/monetarypolicy/files/fomcropa19780418.pdf"
1978-05-05,1978-05-05,0,0,"Record of Policy Actions: see April 18, 1978 Record",NA
1978-05-16,1978-05-16,0,1,"Record of Policy Actions (690 KB PDF)","/monetarypolicy/files/fomcropa19780516.pdf"
1978-06-20,1978-06-20,0,1,"Record of Policy Actions (848 KB PDF)","/monetarypolicy/files/fomcropa19780620.pdf"
1978-07-18,1978-07-18,0,1,"Record of Policy Actions (726 KB PDF)","/monetarypolicy/files/fomcropa19780718.pdf"
1978-08-15,1978-08-15,0,1,"Record of Policy Actions (575 KB PDF)","/monetarypolicy/files/fomcropa19780815.pdf"
1978-09-08,1978-09-08,0,0,"Record of Policy Actions: see August 15, 1978 Record",NA
1978-09-19,1978-09-19,0,1,"Record of Policy Actions (628 KB PDF)","/monetarypolicy/files/fomcropa19780919.pdf"
1978-10-17,1978-10-17,0,1,"Record of Policy Actions (840 KB PDF)","/monetarypolicy/files/fomcropa19781017.pdf"
1978-11-21,1978-11-21,0,1,"Record of Policy Actions (641 KB PDF)","/monetarypolicy/files/fomcropa19781121.pdf"
1978-12-19,1978-12-19,0,1,"Record of Policy Actions (710 KB PDF)","/monetarypolicy/files/fomcropa19781219.pdf"
1979-01-12,1979-01-12,0,0,"Record of Policy Actions: see February 6, 1979 Record",NA
1979-02-06,1979-02-06,0,1,"Record of Policy Actions (625 KB PDF)","/monetarypolicy/files/fomcropa19790206.pdf"
1979-03-02,1979-03-02,0,0,"Record of Policy Actions: see February 6, 1979 Record",NA
1979-03-20,1979-03-20,0,1,"Record of Policy Actions (738 KB PDF)","/monetarypolicy/files/fomcropa19790320.pdf"
1979-04-17,1979-04-17,0,1,"Record of Policy Actions (548 KB PDF)","/monetarypolicy/files/fomcropa19790417.pdf"
1979-04-27,1979-04-27,0,0,"Transcript (535 KB PDF)","/monetarypolicy/files/FOMC19790427confcall.pdf"
1979-05-22,1979-05-22,0,1,"Record of Policy Actions (529 KB PDF)","/monetarypolicy/files/fomcropa19790522.pdf"
1979-06-27,1979-06-27,0,0,"Transcript (448 KB PDF)","/monetarypolicy/files/FOMC19790627confcall.pdf"
1979-07-11,1979-07-11,0,1,"Record of Policy Actions (737 KB PDF)","/monetarypolicy/files/fomcropa19790711.pdf"
1979-07-17,1979-07-17,0,0,"Transcript (752 KB PDF)","/monetarypolicy/files/FOMC19790717confcall.pdf"
1979-07-19,1979-07-19,0,0,"Transcript (759 KB PDF)","/monetarypolicy/files/FOMC19790719confcall.pdf"
1979-08-14,1979-08-14,0,1,"Record of Policy Actions (700 KB PDF)","/monetarypolicy/files/fomcropa19790814.pdf"
1979-09-18,1979-09-18,0,1,"Record of Policy Actions (608 KB PDF)","/monetarypolicy/files/fomcropa19790918.pdf"
1979-10-05,1979-10-05,0,0,"Transcript (370 KB PDF)Presentation materials (417 KB PDF)","/monetarypolicy/files/FOMC19791005confcall.pdf"
1979-10-06,1979-10-06,0,1,"Record of Policy Actions (426 KB PDF)","/monetarypolicy/files/fomcropa19791006.pdf"
1979-10-22,1979-10-22,0,0,"Transcript (661 KB PDF)","/monetarypolicy/files/FOMC19791022confcall.pdf"
1979-11-20,1979-11-20,0,1,"Record of Policy Actions (573 KB PDF)","/monetarypolicy/files/fomcropa19791120.pdf"
1980-01-08,1980-01-09,0,1,"Record of Policy Actions (471 KB PDF)","/monetarypolicy/files/fomcropa19800109.pdf"
1980-02-04,1980-02-05,0,1,"Record of Policy Actions (646 KB PDF)","/monetarypolicy/files/fomcropa19800205.pdf"
1980-03-07,1980-03-07,0,0,"Record of Policy Actions: see February 4-5, 1980 Record",NA
1980-03-18,1980-03-18,0,1,"Record of Policy Actions (718 KB PDF)","/monetarypolicy/files/fomcropa19800318.pdf"
1980-04-22,1980-04-22,0,1,"Record of Policy Actions (507 KB PDF)","/monetarypolicy/files/fomcropa19800422.pdf"
1980-04-29,1980-04-29,0,0,"Transcript (723 KB PDF)","/monetarypolicy/files/FOMC19800429confcall.pdf"
1980-05-06,1980-05-06,0,0,"Record of Policy Actions: see April 22, 1980 Record",NA
1980-05-20,1980-05-20,0,1,"Record of Policy Actions (507 KB PDF)","/monetarypolicy/files/fomcropa19800520.pdf"
1980-06-05,1980-06-05,0,0,"Transcript (715 KB PDF)","/monetarypolicy/files/FOMC19800605confcall.pdf"
1980-07-09,1980-07-09,0,1,"Record of Policy Actions (684 KB PDF)","/monetarypolicy/files/fomcropa19800709.pdf"
1980-07-25,1980-07-25,0,0,"Transcript (489 KB PDF)","/monetarypolicy/files/FOMC19800725confcall.pdf"
1980-08-12,1980-08-12,0,1,"Record of Policy Actions (481 KB PDF)","/monetarypolicy/files/fomcropa19800812.pdf"
1980-08-22,1980-08-22,0,0,"Transcript (635 KB PDF)","/monetarypolicy/files/FOMC19800822confcall.pdf"
1980-09-16,1980-09-16,0,1,"Record of Policy Actions (446 KB PDF)","/monetarypolicy/files/fomcropa19800916.pdf"
1980-10-21,1980-10-21,0,1,"Record of Policy Actions (531 KB PDF)","/monetarypolicy/files/fomcropa19801021.pdf"
1980-11-18,1980-11-18,0,1,"Record of Policy Actions (648 KB PDF)","/monetarypolicy/files/fomcropa19801118.pdf"
1980-11-26,1980-11-26,0,0,"Record of Policy Actions: see November 18, 1980 Record",NA
1980-12-05,1980-12-05,0,0,"Record of Policy Actions: see November 18, 1980 Record",NA
1980-12-12,1980-12-12,0,0,"Record of Policy Actions: see November 18, 1980 Record",NA
1980-12-18,1980-12-19,0,1,"Record of Policy Actions (569 KB PDF)","/monetarypolicy/files/fomcropa19801219.pdf"
1981-02-02,1981-02-03,0,1,"Record of Policy Actions (711 KB PDF)","/monetarypolicy/files/fomcropa19810203.pdf"
1981-02-24,1981-02-24,0,0,"Record of Policy Actions: see February 2-3, 1981 Record",NA
1981-03-31,1981-03-31,0,1,"Record of Policy Actions (767 KB PDF)","/monetarypolicy/files/fomcropa19810331.pdf"
1981-04-28,1981-04-28,0,0,"Transcript (1.2 MB PDF)","/monetarypolicy/files/FOMC19810428confcall.pdf"
1981-05-06,1981-05-06,0,0,"Record of Policy Actions: see March 31, 1981 Record",NA
1981-05-18,1981-05-18,0,1,"Record of Policy Actions (458 KB PDF)","/monetarypolicy/files/fomcropa19810518.pdf"
1981-06-17,1981-06-17,0,0,"Transcript (424 KB PDF)","/monetarypolicy/files/FOMC19810617confcall.pdf"
1981-07-06,1981-07-07,0,1,"Record of Policy Actions (652 KB PDF)","/monetarypolicy/files/fomcropa19810707.pdf"
1981-07-17,1981-07-17,0,0,"Transcript (459 KB PDF)","/monetarypolicy/files/FOMC19810717confcall.pdf"
1981-08-07,1981-08-07,0,0,"Minutes of Actions (37 KB PDF)","/monetarypolicy/files/fomcmoa19810807.pdf"
1981-08-18,1981-08-18,0,1,"Record of Policy Actions (522 KB PDF)","/monetarypolicy/files/fomcropa19810818.pdf"
1981-10-05,1981-10-06,0,1,"Record of Policy Actions (540 KB PDF)","/monetarypolicy/files/fomcropa19811006.pdf"
1981-11-17,1981-11-17,0,1,"Record of Policy Actions (467 KB PDF)","/monetarypolicy/files/fomcropa19811117.pdf"
1981-12-21,1981-12-22,0,1,"Record of Policy Actions (524 KB PDF)","/monetarypolicy/files/fomcropa19811222.pdf"
1982-02-01,1982-02-02,0,1,"Record of Policy Actions (573 KB PDF)","/monetarypolicy/files/fomcropa19820202.pdf"
1982-03-29,1982-03-30,0,1,"Record of Policy Actions (624 KB PDF)","/monetarypolicy/files/fomcropa19820330.pdf"
1982-05-18,1982-05-18,0,1,"Record of Policy Actions (452 KB PDF)","/monetarypolicy/files/fomcropa19820518.pdf"
1982-05-20,1982-05-20,0,0,"Transcript (61 KB PDF)","/monetarypolicy/files/FOMC19820520confcall.pdf"
1982-06-30,1982-07-01,0,1,"Record of Policy Actions (792 KB PDF)","/monetarypolicy/files/fomcropa19820701.pdf"
1982-07-15,1982-07-15,0,0,"Record of Policy Actions: see June 30 - July 1, 1982 Record",NA
1982-08-24,1982-08-24,0,1,"Record of Policy Actions (561 KB PDF)","/monetarypolicy/files/fomcropa19820824.pdf"
1982-09-24,1982-09-24,0,0,"Transcript (457 KB PDF)","/monetarypolicy/files/FOMC19820924confcall.pdf"
1982-10-05,1982-10-05,0,1,"Record of Policy Actions (572 KB PDF)","/monetarypolicy/files/fomcropa19821005.pdf"
1982-11-16,1982-11-16,0,1,"Record of Policy Actions (541 KB PDF)","/monetarypolicy/files/fomcropa19821116.pdf"
1982-12-20,1982-12-21,0,1,"Record of Policy Actions (639 KB PDF)","/monetarypolicy/files/fomcropa19821221.pdf"
1983-01-14,1983-01-14,0,0,"Transcript (726 KB PDF)","/monetarypolicy/files/FOMC19830114confcall.pdf"
1983-01-21,1983-01-21,0,0,"Transcript (145 KB PDF)","/monetarypolicy/files/FOMC19830121confcall.pdf"
1983-01-28,1983-01-28,0,0,"Record of Policy Actions: see December 21, 1982 Record",NA
1983-02-08,1983-02-09,0,1,"Record of Policy Actions (856 KB PDF)","/monetarypolicy/files/fomcropa19830209.pdf"
1983-03-28,1983-03-29,0,1,"Record of Policy Actions (829 KB PDF)","/monetarypolicy/files/fomcropa19830329.pdf"
1983-04-29,1983-04-29,0,0,"Transcript (321 KB PDF)","/monetarypolicy/files/FOMC19830429confcall.pdf"
1983-05-24,1983-05-24,0,1,"Record of Policy Actions (671 KB PDF)","/monetarypolicy/files/fomcropa19830524.pdf"
1983-06-23,1983-06-23,0,0,"Transcript (303 KB PDF)Presentation materials (113 KB PDF)","/monetarypolicy/files/FOMC19830623confcall.pdf"
1983-07-12,1983-07-13,0,1,"Record of Policy Actions (871 KB PDF)","/monetarypolicy/files/fomcropa19830713.pdf"
1983-08-23,1983-08-23,0,1,"Record of Policy Actions (551 KB PDF)","/monetarypolicy/files/fomcropa19830823.pdf"
1983-09-08,1983-09-08,0,0,"Transcript (83 KB PDF)","/monetarypolicy/files/FOMC19830908confcall.pdf"
1983-10-04,1983-10-04,0,1,"Record of Policy Actions (572 KB PDF)","/monetarypolicy/files/fomcropa19831004.pdf"
1983-11-14,1983-11-15,0,1,"Record of Policy Actions (614 KB PDF)","/monetarypolicy/files/fomcropa19831115.pdf"
1983-12-19,1983-12-20,0,1,"Record of Policy Actions (762 KB PDF)","/monetarypolicy/files/fomcropa19831220.pdf"
1984-01-30,1984-01-31,0,1,"Record of Policy Actions (778 KB PDF)","/monetarypolicy/files/fomcropa19840131.pdf"
1984-03-20,1984-03-20,0,0,"Record of Policy Actions: see January 31, 1984 Record",NA
1984-03-26,1984-03-27,0,1,"Record of Policy Actions (665 KB PDF)","/monetarypolicy/files/fomcropa19840327.pdf"
1984-05-21,1984-05-22,0,1,"Record of Policy Actions (541 KB PDF)","/monetarypolicy/files/fomcropa19840522.pdf"
1984-07-16,1984-07-17,0,1,"Record of Policy Actions (816 KB PDF)","/monetarypolicy/files/fomcropa19840717.pdf"
1984-08-21,1984-08-21,0,1,"Record of Policy Actions (584 KB PDF)","/monetarypolicy/files/fomcropa19840821.pdf"
1984-10-02,1984-10-02,0,1,"Record of Policy Actions (548 KB PDF)","/monetarypolicy/files/fomcropa19841002.pdf"
1984-11-07,1984-11-07,0,1,"Record of Policy Actions (737 KB PDF)","/monetarypolicy/files/fomcropa19841107.pdf"
1984-12-17,1984-12-18,0,1,"Record of Policy Actions (696 KB PDF)","/monetarypolicy/files/fomcropa19841218.pdf"
1985-01-18,1985-01-18,0,0,"Transcript (348 KB PDF)","/monetarypolicy/files/FOMC19850118confcall.pdf"
1985-02-12,1985-02-13,0,1,"Record of Policy Actions (877 KB PDF)","/monetarypolicy/files/fomcropa19850213.pdf"
1985-03-26,1985-03-26,0,1,"Record of Policy Actions (695 KB PDF)","/monetarypolicy/files/fomcropa19850326.pdf"
1985-05-21,1985-05-21,0,1,"Record of Policy Actions (606 KB PDF)","/monetarypolicy/files/fomcropa19850521.pdf"
1985-07-09,1985-07-10,0,1,"Record of Policy Actions (944 KB PDF)","/monetarypolicy/files/fomcropa19850710.pdf"
1985-08-20,1985-08-20,0,1,"Record of Policy Actions (711 KB PDF)","/monetarypolicy/files/fomcropa19850820.pdf"
1985-09-23,1985-09-23,0,0,"Record of Policy Actions: see August 20, 1985 Record",NA
1985-10-01,1985-10-01,0,1,"Record of Policy Actions (621 KB PDF)","/monetarypolicy/files/fomcropa19851001.pdf"
1985-11-04,1985-11-05,0,1,"Record of Policy Actions (643 KB PDF)","/monetarypolicy/files/fomcropa19851105.pdf"
1985-12-16,1985-12-17,0,1,"Record of Policy Actions (698 KB PDF)","/monetarypolicy/files/fomcropa19851217.pdf"
1986-02-11,1986-02-12,0,1,"Record of Policy Actions (922 KB PDF)","/monetarypolicy/files/fomcropa19860212.pdf"
1986-04-01,1986-04-01,0,1,"Record of Policy Actions (683 KB PDF)","/monetarypolicy/files/fomcropa19860401.pdf"
1986-04-21,1986-04-21,0,0,"Record of Policy Actions: see April 1, 1986 Record",NA
1986-05-20,1986-05-20,0,1,"Record of Policy Actions (794 KB PDF)","/monetarypolicy/files/fomcropa19860520.pdf"
1986-07-08,1986-07-09,0,1,"Record of Policy Actions (980 KB PDF)","/monetarypolicy/files/fomcropa19860709.pdf"
1986-08-19,1986-08-19,0,1,"Record of Policy Actions (722 KB PDF)","/monetarypolicy/files/fomcropa19860819.pdf"
1986-09-23,1986-09-23,0,1,"Record of Policy Actions (729 KB PDF)","/monetarypolicy/files/fomcropa19860923.pdf"
1986-11-05,1986-11-05,0,1,"Record of Policy Actions (644 KB PDF)","/monetarypolicy/files/fomcropa19861105.pdf"
1986-12-15,1986-12-16,0,1,"Record of Policy Actions (653 KB PDF)","/monetarypolicy/files/fomcropa19861216.pdf"
1987-02-10,1987-02-11,0,1,"Record of Policy Actions (1.03 MB PDF)","/monetarypolicy/files/fomcropa19870211.pdf"
1987-02-23,1987-02-23,0,0,"Record of Policy Actions: see February 11, 1987 Record",NA
1987-03-31,1987-03-31,0,1,"Record of Policy Actions (673 KB PDF)","/monetarypolicy/files/fomcropa19870331.pdf"
1987-04-29,1987-04-29,0,0,"Transcript (427 KB PDF)","/monetarypolicy/files/FOMC19870429confcall.pdf"
1987-05-19,1987-05-19,0,1,"Record of Policy Actions (682 KB PDF)","/monetarypolicy/files/fomcropa19870519.pdf"
1987-07-07,1987-07-07,0,1,"Record of Policy Actions (1.02 MB PDF)","/monetarypolicy/files/fomcropa19870707.pdf"
1987-08-18,1987-08-18,0,1,"Record of Policy Actions (812 KB PDF)","/monetarypolicy/files/fomcropa19870818.pdf"
1987-09-22,1987-09-22,0,1,"Record of Policy Actions (740 KB PDF)","/monetarypolicy/files/fomcropa19870922.pdf"
1987-10-19,1987-10-19,0,0,"Record of Policy Actions: see September 22, 1987 Record",NA
1987-10-20,1987-10-20,0,0,"Record of Policy Actions: see September 22, 1987 Record",NA
1987-10-21,1987-10-21,NA,0,"Record of Policy Actions: see September 22, 1987 Record",NA
1987-10-22,1987-10-22,NA,0,"Record of Policy Actions: see September 22, 1987 Record",NA
1987-10-23,1987-10-23,NA,0,"Record of Policy Actions: see September 22, 1987 Record",NA
1987-10-26,1987-10-26,NA,0,"Record of Policy Actions: see September 22, 1987 Record",NA
1987-10-27,1987-10-27,NA,0,"Record of Policy Actions: see September 22, 1987 Record",NA
1987-10-28,1987-10-28,NA,0,"Record of Policy Actions: see September 22, 1987 Record",NA
1987-10-29,1987-10-29,NA,0,"Record of Policy Actions: see September 22, 1987 Record",NA
1987-10-30,1987-10-30,NA,0,"Record of Policy Actions: see September 22, 1987 Record",NA
1987-11-03,1987-11-03,0,1,"Record of Policy Actions (902 KB PDF)","/monetarypolicy/files/fomcropa19871103.pdf"
1987-12-15,1987-12-16,0,1,"Record of Policy Actions (1.02 MB PDF)","/monetarypolicy/files/fomcropa19871216.pdf"
1988-01-05,1988-01-05,0,0,"Record of Policy Actions: see December 15-16, 1987 Record",NA
1988-02-09,1988-02-10,0,1,"Record of Policy Actions (964 KB PDF)","/monetarypolicy/files/fomcropa19880210.pdf"
1988-03-29,1988-03-29,0,1,"Record of Policy Actions (735 KB PDF)","/monetarypolicy/files/fomcropa19880329.pdf"
1988-05-17,1988-05-17,0,1,"Record of Policy Actions (690 KB PDF)","/monetarypolicy/files/fomcropa19880517.pdf"
1988-06-29,1988-06-30,0,1,"Record of Policy Actions (1.01 MB PDF)","/monetarypolicy/files/fomcropa19880630.pdf"
1988-07-19,1988-07-19,0,0,"Transcript (495 KB PDF)Presentation materials (82 KB PDF)","/monetarypolicy/files/FOMC19880719confcall.pdf"
1988-08-16,1988-08-16,0,1,"Record of Policy Actions (686 KB PDF)","/monetarypolicy/files/fomcropa19880816.pdf"
1988-09-20,1988-09-20,0,1,"Record of Policy Actions (523 KB PDF)","/monetarypolicy/files/fomcropa19880920.pdf"
1988-10-17,1988-10-17,0,0,"Transcript (623 KB PDF)Presentation materials (132 KB PDF)","/monetarypolicy/files/FOMC19881017confcall.pdf"
1988-11-01,1988-11-01,0,1,"Record of Policy Actions (676 KB PDF)","/monetarypolicy/files/fomcropa19881101.pdf"
1988-11-22,1988-11-22,0,0,"Transcript (282 KB PDF)","/monetarypolicy/files/FOMC19881122confcall.pdf"
1988-12-13,1988-12-14,0,1,"Record of Policy Actions (715 KB PDF)","/monetarypolicy/files/fomcropa19881214.pdf"
1989-02-07,1989-02-08,0,1,"Record of Policy Actions (912 KB PDF)","/monetarypolicy/files/fomcropa19890208.pdf"
1989-03-28,1989-03-28,0,1,"Record of Policy Actions (676 KB PDF)","/monetarypolicy/files/fomcropa19890328.pdf"
1989-05-16,1989-05-16,0,1,"Record of Policy Actions (714 KB PDF)","/monetarypolicy/files/fomcropa19890516.pdf"
1989-05-31,1989-05-31,0,0,"Transcript (218 KB PDF)","/monetarypolicy/files/FOMC19890531confcall.pdf"
1989-06-05,1989-06-05,0,0,"Transcript (321 KB PDF)","/monetarypolicy/files/FOMC19890605confcall.pdf"
1989-07-05,1989-07-06,0,1,"Record of Policy Actions (966 KB PDF)","/monetarypolicy/files/fomcropa19890706.pdf"
1989-07-26,1989-07-26,0,0,"Transcript (117 KB PDF)","/monetarypolicy/files/FOMC19890726confcall.pdf"
1989-08-22,1989-08-22,0,1,"Record of Policy Actions (766 KB PDF)","/monetarypolicy/files/fomcropa19890822.pdf"
1989-10-03,1989-10-03,0,1,"Record of Policy Actions (703 KB PDF)","/monetarypolicy/files/fomcropa19891003.pdf"
1989-10-16,1989-10-16,0,0,"Transcript (467 KB PDF)","/monetarypolicy/files/FOMC19891016confcall.pdf"
1989-10-17,1989-10-17,0,0,"Transcript (372 KB PDF)","/monetarypolicy/files/FOMC19891017confcall.pdf"
1989-10-18,1989-10-18,0,0,"Transcript (333 KB PDF)","/monetarypolicy/files/FOMC19891018confcall.pdf"
1989-11-14,1989-11-14,0,1,"Record of Policy Actions (659 KB PDF)","/monetarypolicy/files/fomcropa19891114.pdf"
1989-12-18,1989-12-19,0,1,"Record of Policy Actions (759 KB PDF)","/monetarypolicy/files/fomcropa19891219.pdf"
1990-02-06,1990-02-07,0,1,"Record of Policy Actions (1.06 MB PDF)","/monetarypolicy/files/fomcropa19900207.pdf"
1990-03-27,1990-03-27,0,1,"Record of Policy Actions (903 KB PDF)","/monetarypolicy/files/fomcropa19900327.pdf"
1990-04-11,1990-04-11,0,0,"Transcript (434 KB PDF)","/monetarypolicy/files/FOMC19900411confcall.pdf"
1990-05-15,1990-05-15,0,1,"Record of Policy Actions (694 KB PDF)","/monetarypolicy/files/fomcropa19900515.pdf"
1990-07-02,1990-07-03,0,1,"Record of Policy Actions (1.02 MB PDF)","/monetarypolicy/files/fomcropa19900703.pdf"
1990-08-21,1990-08-21,0,1,"Record of Policy Actions (773 KB PDF)","/monetarypolicy/files/fomcropa19900821.pdf"
1990-09-07,1990-09-07,0,0,"Transcript (390 KB PDF)","/monetarypolicy/files/FOMC19900907confcall.pdf"
1990-09-17,1990-09-17,0,0,"Transcript (744 KB PDF)","/monetarypolicy/files/FOMC19900917confcall.pdf"
1990-10-02,1990-10-02,0,1,"Record of Policy Actions (891 KB PDF)","/monetarypolicy/files/fomcropa19901002.pdf"
1990-11-13,1990-11-13,0,1,"Record of Policy Actions (743 KB PDF)","/monetarypolicy/files/fomcropa19901113.pdf"
1990-12-07,1990-12-07,0,0,"Transcript (698 KB PDF)","/monetarypolicy/files/FOMC19901207confcall.pdf"
1990-12-18,1990-12-18,0,1,"Record of Policy Actions (808 KB PDF)","/monetarypolicy/files/fomcropa19901218.pdf"
1991-01-09,1991-01-09,0,0,"Transcript (583 KB PDF)","/monetarypolicy/files/FOMC19910109confcall.pdf"
1991-02-01,1991-02-01,0,0,"Transcript (197 KB PDF)","/monetarypolicy/files/FOMC19910201confcall.pdf"
1991-02-05,1991-02-06,0,1,"Record of Policy Actions (958 KB PDF)","/monetarypolicy/files/fomcropa19910206.pdf"
1991-03-26,1991-03-26,0,1,"Record of Policy Actions (762 KB PDF)","/monetarypolicy/files/fomcropa19910326.pdf"
1991-04-12,1991-04-12,0,0,"Transcript (612 KB PDF)","/monetarypolicy/files/FOMC19910412confcall.pdf"
1991-04-30,1991-04-30,0,0,"Transcript (195 KB PDF)","/monetarypolicy/files/FOMC19910430confcall.pdf"
1991-05-01,1991-05-01,0,0,"Transcript (369 KB PDF)","/monetarypolicy/files/FOMC19910501confcall.pdf"
1991-05-14,1991-05-14,0,1,"Record of Policy Actions (800 KB PDF)","/monetarypolicy/files/fomcropa19910514.pdf"
1991-06-10,1991-06-10,0,0,"Transcript (268 KB PDF)","/monetarypolicy/files/FOMC19910610confcall.pdf"
1991-06-24,1991-06-24,0,0,"Transcript (440 KB PDF)","/monetarypolicy/files/FOMC19910624confcall.pdf"
1991-07-02,1991-07-03,0,1,"Record of Policy Actions (1.03 MB PDF)","/monetarypolicy/files/fomcropa19910703.pdf"
1991-08-05,1991-08-05,0,0,"Transcript (879 KB PDF)","/monetarypolicy/files/FOMC19910805confcall.pdf"
1991-08-20,1991-08-20,0,1,"Record of Policy Actions (820 KB PDF)","/monetarypolicy/files/fomcropa19910820.pdf"
1991-09-13,1991-09-13,0,0,"Transcript (187 KB PDF)","/monetarypolicy/files/FOMC19910913confcall.pdf"
1991-10-01,1991-10-01,0,1,"Record of Policy Actions (728 KB PDF)","/monetarypolicy/files/fomcropa19911001.pdf"
1991-10-30,1991-10-30,0,0,"Transcript (752 KB PDF)","/monetarypolicy/files/FOMC19911030confcall.pdf"
1991-11-05,1991-11-05,0,1,"Record of Policy Actions (808 KB PDF)","/monetarypolicy/files/fomcropa19911105.pdf"
1991-12-02,1991-12-02,0,0,"Transcript (672 KB PDF)","/monetarypolicy/files/FOMC19911202confcall.pdf"
1991-12-17,1991-12-17,0,1,"Record of Policy Actions (847 KB PDF)","/monetarypolicy/files/fomcropa19911217.pdf"
1992-01-09,1992-01-09,0,0,"Transcript (716 KB PDF)","/monetarypolicy/files/FOMC19920109confcall.pdf"
1992-02-04,1992-02-05,0,1,"Record of Policy Actions (1.07 MB PDF)","/monetarypolicy/files/fomcropa19920205.pdf"
1992-03-11,1992-03-11,0,0,"Transcript (965 KB PDF)","/monetarypolicy/files/FOMC19920311confcall.pdf"
1992-03-31,1992-03-31,0,1,"Record of Policy Actions (783 KB PDF)","/monetarypolicy/files/fomcropa19920331.pdf"
1992-05-19,1992-05-19,0,1,"Record of Policy Actions (748 KB PDF)","/monetarypolicy/files/fomcropa19920519.pdf"
1992-06-30,1992-07-01,0,1,"Record of Policy Actions (995 KB PDF)","/monetarypolicy/files/fomcropa19920701.pdf"
1992-07-02,1992-07-02,0,0,"Transcript (121 KB PDF)","/monetarypolicy/files/FOMC19920702confcall.pdf"
1992-08-18,1992-08-18,0,1,"Record of Policy Actions (754 KB PDF)","/monetarypolicy/files/fomcropa19920818.pdf"
1992-10-06,1992-10-06,0,1,"Record of Policy Actions (742 KB PDF)","/monetarypolicy/files/fomcropa19921006.pdf"
1992-11-17,1992-11-17,0,1,"Record of Policy Actions (826 KB PDF)","/monetarypolicy/files/fomcropa19921117.pdf"
1992-12-14,1992-12-14,0,0,"Transcript (310 KB PDF)","/monetarypolicy/files/FOMC19921214confcall.pdf"
1992-12-22,1992-12-22,0,1,"Record of Policy Actions (742 KB PDF)","/monetarypolicy/files/fomcropa19921222.pdf"
1993-01-06,1993-01-06,0,0,"Transcript (614 KB PDF)Presentation materials (414 KB PDF)","/monetarypolicy/files/FOMC19930106confcall.pdf"
1993-02-02,1993-02-03,0,1,"Minutes","/fomc/MINUTES/1993/19930203min.htm"
1993-02-18,1993-02-18,0,0,"Transcript (989 KB PDF)","/monetarypolicy/files/FOMC19930218confcall.pdf"
1993-03-01,1993-03-01,0,0,"Transcript (328 KB PDF)","/monetarypolicy/files/FOMC19930301confcall.pdf"
1993-03-23,1993-03-23,0,1,"Minutes","/fomc/MINUTES/1993/19930323min.htm"
1993-05-18,1993-05-18,0,1,"Minutes","http://www.federalreserve.gov/fomc/MINUTES/1993/19930518min.htm"
1993-07-06,1993-07-07,0,1,"Minutes","/fomc/MINUTES/1993/19930707min.htm"
1993-08-17,1993-08-17,0,1,"Minutes","/fomc/MINUTES/1993/19930817min.htm"
1993-09-21,1993-09-21,0,1,"Minutes","/fomc/MINUTES/1993/19930921min.htm"
1993-10-05,1993-10-05,0,0,"Transcript (977 KB PDF)Presentation materials (74 KB PDF)","/monetarypolicy/files/FOMC19931005confcall.pdf"
1993-10-15,1993-10-15,0,0,"Transcript (1.69 MB PDF)","/monetarypolicy/files/FOMC19931015confcall.pdf"
1993-10-22,1993-10-22,0,0,"Transcript (755 KB PDF)Presentation materials (95 KB PDF)","/monetarypolicy/files/FOMC19931022confcall.pdf"
1993-11-09,1993-11-09,0,0,"Transcript (932 KB PDF)","/monetarypolicy/files/FOMC19931109confcall.pdf"
1993-11-10,1993-11-10,0,0,"Transcript (466 KB PDF)","/monetarypolicy/files/FOMC19931110confcall.pdf"
1993-11-16,1993-11-16,0,1,"Minutes","/fomc/MINUTES/1993/19931116min.htm"
1993-12-21,1993-12-21,0,1,"Minutes","/fomc/MINUTES/1993/19931221min.htm"
1994-02-03,1994-02-04,0,1,"Statement","/fomc/19940204default.htm"
1994-02-28,1994-02-28,0,0,"Transcript (943 KB PDF)","/monetarypolicy/files/FOMC19940228confcall.pdf"
1994-03-22,1994-03-22,0,1,"Statement","/fomc/19940322default.htm"
1994-03-24,1994-03-24,0,0,"Transcript (279 KB PDF)","/monetarypolicy/files/FOMC19940324confcall.pdf"
1994-04-18,1994-04-18,0,0,"Statement","/fomc/19940418default.htm"
1994-05-17,1994-05-17,0,1,"Statement","/fomc/19940517default.htm"
1994-07-05,1994-07-06,0,1,"Minutes","/fomc/MINUTES/1994/19940706min.htm"
1994-07-20,1994-07-20,0,0,"Transcript (934 KB PDF)","/monetarypolicy/files/FOMC19940720confcall.pdf"
1994-08-16,1994-08-16,0,1,"Statement","/fomc/19940816default.htm"
1994-09-27,1994-09-27,0,1,"Minutes","/fomc/MINUTES/1994/19940927min.htm"
1994-11-15,1994-11-15,0,1,"Statement","/fomc/19941115default.htm"
1994-12-20,1994-12-20,0,1,"Minutes","/fomc/MINUTES/1994/19941220min.htm"
1994-12-30,1994-12-30,0,0,"Minutes","http://www.federalreserve.gov/fomc/minutes/1994/19941220min.htm#december30"
1995-01-13,1995-01-13,0,0,"Transcript (611 KB PDF)","/monetarypolicy/files/FOMC19950113confcall.pdf"
1995-01-31,1995-02-01,0,1,"Statement","/fomc/19950201default.htm"
1995-03-10,1995-03-10,0,0,"Transcript (967 KB PDF)","/monetarypolicy/files/FOMC19950310confcall.pdf"
1995-03-28,1995-03-28,0,1,"Minutes","/fomc/MINUTES/1995/19950328min.htm"
1995-04-28,1995-04-28,0,0,"Transcript (579 KB PDF)","/monetarypolicy/files/FOMC19950428confcall.pdf"
1995-05-23,1995-05-23,0,1,"Minutes","/fomc/MINUTES/1995/19950523min.htm"
1995-07-05,1995-07-06,0,1,"Statement","/fomc/19950706default.htm"
1995-08-22,1995-08-22,0,1,"Minutes","/fomc/MINUTES/1995/19950822min.htm"
1995-09-26,1995-09-26,0,1,"Minutes","/fomc/MINUTES/1995/19950926min.htm"
1995-11-15,1995-11-15,0,1,"Minutes","/fomc/MINUTES/1995/19951115min.htm"
1995-12-19,1995-12-19,0,1,"Statement","/fomc/19951219default.htm"
1996-01-30,1996-01-31,0,1,"Statement","/fomc/19960131DEFAULT.htm"
1996-03-26,1996-03-26,0,1,"Minutes","/fomc/minutes/19960326.htm"
1996-05-21,1996-05-21,0,1,"Minutes","/fomc/minutes/19960521.htm"
1996-07-02,1996-07-03,0,1,"Minutes","/fomc/minutes/19960702.htm"
1996-08-20,1996-08-20,0,1,"Minutes","/fomc/minutes/19960820.htm"
1996-09-24,1996-09-24,0,1,"Minutes","/fomc/minutes/19960924.htm"
1996-11-13,1996-11-13,0,1,"Minutes","/fomc/minutes/19961113.htm"
1996-12-17,1996-12-17,0,1,"Minutes","/fomc/minutes/19961217.htm"
1997-02-04,1997-02-05,0,1,"Minutes","/fomc/minutes/19970204.htm"
1997-03-25,1997-03-25,0,1,"Statement","/boarddocs/press/general/1997/19970325/"
1997-05-20,1997-05-20,0,1,"Minutes","/fomc/minutes/19970520.htm"
1997-07-01,1997-07-02,0,1,"Minutes","/fomc/minutes/19970701.htm"
1997-08-19,1997-08-19,0,1,"Minutes","/fomc/minutes/19970819.htm"
1997-09-30,1997-09-30,0,1,"Minutes","/fomc/minutes/19970930.htm"
1997-11-12,1997-11-12,0,1,"Minutes","/fomc/minutes/19971112.htm"
1997-12-16,1997-12-16,0,1,"Minutes","/fomc/minutes/19971216.htm"
1998-02-03,1998-02-04,0,1,"Minutes","/fomc/minutes/19980203.htm"
1998-03-31,1998-03-31,0,1,"Minutes","/fomc/minutes/19980331.htm"
1998-05-19,1998-05-19,0,1,"Minutes","/fomc/minutes/19980519.htm"
1998-06-30,1998-07-01,0,1,"Minutes","/fomc/minutes/19980630.htm"
1998-08-18,1998-08-18,0,1,"Minutes","/fomc/minutes/19980818.htm"
1998-09-21,1998-09-21,0,0,"Transcript (582 KB PDF)","/monetarypolicy/files/FOMC19980921confcall.pdf"
1998-09-29,1998-09-29,0,1,"Statement","/boarddocs/press/general/1998/19980929/"
1998-10-15,1998-10-15,0,0,"Statement","/boarddocs/press/general/1998/19981015/"
1998-11-17,1998-11-17,0,1,"Statement","/boarddocs/press/general/1998/19981117/"
1998-12-22,1998-12-22,0,1,"Minutes","/fomc/minutes/19981222.htm"
1999-02-02,1999-02-03,0,1,"Minutes","/fomc/minutes/19990202.htm"
1999-03-30,1999-03-30,0,1,"Minutes","/fomc/minutes/19990330.htm"
1999-05-18,1999-05-18,0,1,"Statement","/boarddocs/press/general/1999/19990518/"
1999-06-29,1999-06-30,0,1,"Statement","/boarddocs/press/general/1999/19990630/"
1999-08-24,1999-08-24,0,1,"Statement","/boarddocs/press/general/1999/19990824/"
1999-10-05,1999-10-05,0,1,"Statement","/boarddocs/press/general/1999/19991005/"
1999-11-16,1999-11-16,0,1,"Statement","/boarddocs/press/general/1999/19991116/"
1999-12-21,1999-12-21,0,1,"Statement","/boarddocs/press/general/1999/19991221/"
2000-02-01,2000-02-02,0,1,"Statement","/boarddocs/press/general/2000/20000202/"
2000-03-21,2000-03-21,0,1,"Statement","/boarddocs/press/general/2000/20000321/"
2000-05-16,2000-05-16,0,1,"Statement","/boarddocs/press/general/2000/20000516/"
2000-06-27,2000-06-28,0,1,"Statement","/boarddocs/press/general/2000/20000628/"
2000-08-22,2000-08-22,0,1,"Statement","/boarddocs/press/general/2000/20000822/"
2000-10-03,2000-10-03,0,1,"Statement","/boarddocs/press/general/2000/20001003/"
2000-11-15,2000-11-15,0,1,"Statement","/boarddocs/press/general/2000/20001115/"
2000-12-19,2000-12-19,0,1,"Statement","/boarddocs/press/general/2000/20001219/"
2001-01-03,2001-01-03,0,0,"Statement","/boarddocs/press/general/2001/20010103/"
2001-01-30,2001-01-31,0,1,"Statement","/boarddocs/press/general/2001/20010131/"
2001-03-20,2001-03-20,0,1,"Statement","/boarddocs/press/general/2001/20010320/"
2001-04-11,2001-04-11,0,0,"Minutes","/fomc/minutes/20010320.htm#Min_20010418"
2001-04-18,2001-04-18,0,0,"Statement","/boarddocs/press/general/2001/20010418/"
2001-05-15,2001-05-15,0,1,"Statement","/boarddocs/press/general/2001/20010515/"
2001-06-26,2001-06-27,0,1,"Statement","/boarddocs/press/general/2001/20010627/"
2001-08-21,2001-08-21,0,1,"Statement","/boarddocs/press/general/2001/20010821/"
2001-09-13,2001-09-13,0,0,"Minutes","/fomc/minutes/20010821.htm#Min_20010913"
2001-09-17,2001-09-17,0,0,"Statement","/boarddocs/press/general/2001/20010917/"
2001-10-02,2001-10-02,0,1,"Statement","/boarddocs/press/general/2001/20011002/"
2001-11-06,2001-11-06,0,1,"Statement","/boarddocs/press/general/2001/20011106/"
2001-12-11,2001-12-11,0,1,"Statement","/boarddocs/press/general/2001/20011211/"
2002-01-29,2002-01-30,0,1,"Statement","/boarddocs/press/general/2002/20020130/"
2002-03-19,2002-03-19,0,1,"Statement","/boarddocs/press/general/2002/20020319/"
2002-05-07,2002-05-07,0,1,"Statement","/boarddocs/press/monetary/2002/20020507/"
2002-06-25,2002-06-26,0,1,"Statement","/boarddocs/press/monetary/2002/20020626/"
2002-08-13,2002-08-13,0,1,"Statement","/boarddocs/press/monetary/2002/20020813/"
2002-09-24,2002-09-24,0,1,"Statement","/boarddocs/press/monetary/2002/20020924/"
2002-11-06,2002-11-06,0,1,"Statement","/boarddocs/press/monetary/2002/20021106/"
2002-12-10,2002-12-10,0,1,"Statement","/boarddocs/press/monetary/2002/20021210/"
2003-01-28,2003-01-29,0,1,"Statement","/boarddocs/press/monetary/2003/20030129/default.htm"
2003-03-18,2003-03-18,0,1,"Statement","/boarddocs/press/monetary/2003/20030318/default.htm"
2003-03-25,2003-03-25,0,0,"Minutes","http://www.federalreserve.gov/fomc/minutes/20030318.htm#March2003minutes"
2003-04-01,2003-04-01,0,0,"Minutes","http://www.federalreserve.gov/fomc/minutes/20030318.htm#March2003minutes"
2003-04-08,2003-04-08,0,0,"Minutes","http://www.federalreserve.gov/fomc/minutes/20030318.htm#March2003minutes"
2003-04-16,2003-04-16,0,0,"Minutes","http://www.federalreserve.gov/fomc/minutes/20030318.htm#March2003minutes"
2003-05-06,2003-05-06,0,1,"Statement","/boarddocs/press/monetary/2003/20030506/default.htm"
2003-06-24,2003-06-25,0,1,"Statement","/boarddocs/press/monetary/2003/20030625/default.htm"
2003-08-12,2003-08-12,0,1,"Statement","/boarddocs/press/monetary/2003/20030812/default.htm"
2003-09-15,2003-09-15,0,0,"Minutes","http://www.federalreserve.gov/fomc/minutes/20030812.htm#August2003minutes"
2003-09-16,2003-09-16,0,1,"Statement","/boarddocs/press/monetary/2003/20030916/default.htm"
2003-10-28,2003-10-28,0,1,"Statement","/boarddocs/press/monetary/2003/20031028/default.htm"
2003-12-09,2003-12-09,0,1,"Statement","/boarddocs/press/monetary/2003/20031209/default.htm"
2004-01-27,2004-01-28,0,1,"Statement","/boarddocs/press/monetary/2004/20040128/default.htm"
2004-03-16,2004-03-16,0,1,"Statement","/boarddocs/press/monetary/2004/20040316/default.htm"
2004-05-04,2004-05-04,0,1,"Statement","/boarddocs/press/monetary/2004/20040504/default.htm"
2004-06-29,2004-06-30,0,1,"Statement","/boarddocs/press/monetary/2004/20040630/default.htm"
2004-08-10,2004-08-10,0,1,"Statement","/boarddocs/press/monetary/2004/20040810/default.htm"
2004-09-21,2004-09-21,0,1,"Statement","/boarddocs/press/monetary/2004/20040921/default.htm"
2004-11-10,2004-11-10,0,1,"Statement","/boarddocs/press/monetary/2004/20041110/default.htm"
2004-12-14,2004-12-14,0,1,"Statement","/boarddocs/press/monetary/2004/20041214/default.htm"
2005-02-01,2005-02-02,0,1,"Statement","/boarddocs/press/monetary/2005/20050202/default.htm"
2005-03-22,2005-03-22,0,1,"Statement","/boarddocs/press/monetary/2005/20050322/default.htm"
2005-05-03,2005-05-03,0,1,"Statement","/boarddocs/press/monetary/2005/20050503/default.htm"
2005-06-29,2005-06-30,0,1,"Statement","/boarddocs/press/monetary/2005/20050630/default.htm"
2005-08-09,2005-08-09,0,1,"Statement","/boarddocs/press/monetary/2005/20050809/default.htm"
2005-09-20,2005-09-20,0,1,"Statement","/boarddocs/press/monetary/2005/20050920/"
2005-11-01,2005-11-01,0,1,"Statement","/boarddocs/press/monetary/2005/20051101/"
2005-12-13,2005-12-13,0,1,"Statement","/boarddocs/press/monetary/2005/20051213/"
2006-01-31,2006-01-31,0,1,"Statement","/newsevents/press/monetary/20060131a.htm"
2006-03-27,2006-03-28,0,1,"Statement","/newsevents/press/monetary/20060328a.htm"
2006-05-10,2006-05-10,0,1,"Statement","/newsevents/press/monetary/20060510a.htm"
2006-06-28,2006-06-29,0,1,"Statement","/newsevents/press/monetary/20060629a.htm"
2006-08-08,2006-08-08,0,1,"Statement","/newsevents/press/monetary/20060808a.htm"
2006-09-20,2006-09-20,0,1,"Statement","/newsevents/press/monetary/20060920a.htm"
2006-10-24,2006-10-25,0,1,"Statement","/newsevents/press/monetary/20061025a.htm"
2006-12-12,2006-12-12,0,1,"Statement","/newsevents/press/monetary/20061212a.htm"
2007-01-30,2007-01-31,0,1,"Statement","/newsevents/press/monetary/20070131a.htm"
2007-03-20,2007-03-21,0,1,"Statement","/newsevents/press/monetary/20070321a.htm"
2007-05-09,2007-05-09,0,1,"Statement","/newsevents/press/monetary/20070509a.htm"
2007-06-27,2007-06-28,0,1,"Statement","/newsevents/press/monetary/20070618a.htm"
2007-08-07,2007-08-07,0,1,"Statement","/newsevents/press/monetary/20070807a.htm"
2007-08-10,2007-08-10,0,0,"Statement","/newsevents/press/monetary/20070810a.htm"
2007-08-16,2007-08-16,0,0,"Statement","/newsevents/press/monetary/20070817b.htm"
2007-09-18,2007-09-18,0,1,"Statement","/newsevents/press/monetary/20070918a.htm"
2007-10-30,2007-10-31,0,1,"Statement","/newsevents/press/monetary/20071031a.htm"
2007-12-06,2007-12-06,0,0,"Minutes: See end of minutes of December 11 meeting",NA
2007-12-11,2007-12-11,0,1,"Statement","/newsevents/press/monetary/20071211a.htm"
2008-01-09,2008-01-09,0,0,"Minutes: See end of minutes of January 29/30 meeting",NA
2008-01-21,2008-01-21,0,0,"Statement","/newsevents/press/monetary/20080122b.htm"
2008-01-29,2008-01-30,0,1,"Statement","/newsevents/press/monetary/20080130a.htm"
2008-03-10,2008-03-10,0,0,"Statement","/newsevents/press/monetary/20080311a.htm"
2008-03-18,2008-03-18,0,1,"Statement","/newsevents/press/monetary/20080318a.htm"
2008-04-29,2008-04-30,0,1,"Statement","/newsevents/press/monetary/20080430a.htm"
2008-06-24,2008-06-25,0,1,"Statement","/newsevents/press/monetary/20080625a.htm"
2008-07-24,2008-07-24,0,0,"Minutes: See end of minutes of August 5 meeting",NA
2008-08-05,2008-08-05,0,1,"Statement","/newsevents/press/monetary/20080805a.htm"
2008-09-16,2008-09-16,0,1,"Statement","/newsevents/press/monetary/20080916a.htm"
2008-09-29,2008-09-29,0,0,"Minutes: See end of minutes of October 28/29 meeting",NA
2008-10-07,2008-10-07,0,0,"Statement","/newsevents/press/monetary/20081008a.htm"
2008-10-28,2008-10-29,0,1,"Statement","/newsevents/press/monetary/20081029a.htm"
2008-12-15,2008-12-16,0,1,"Statement","/newsevents/press/monetary/20081216b.htm"
2009-01-16,2009-01-16,0,0,"Minutes: See end of minutes of January 27/28 meeting",NA
2009-01-27,2009-01-28,0,1,"Statement","/newsevents/press/monetary/20090128a.htm"
2009-02-07,2009-02-07,0,0,"Minutes: See end of minutes of March 17/18 meeting",NA
2009-03-17,2009-03-18,0,1,"Statement","/newsevents/press/monetary/20090318a.htm"
2009-04-28,2009-04-29,0,1,"Statement","/newsevents/press/monetary/20090429a.htm"
2009-06-03,2009-06-03,0,0,"Minutes: See end of minutes of June 23/24 meeting",NA
2009-06-23,2009-06-24,0,1,"Statement","/newsevents/press/monetary/20090624a.htm"
2009-08-11,2009-08-12,0,1,"Statement","/newsevents/press/monetary/20090812a.htm"
2009-09-22,2009-09-23,0,1,"Statement","/newsevents/press/monetary/20090923a.htm"
2009-11-03,2009-11-04,0,1,"Statement","/newsevents/press/monetary/20091104a.htm"
2009-12-15,2009-12-16,0,1,"Statement","/newsevents/press/monetary/20091216a.htm"
2010-01-26,2010-01-27,0,1,"Statement","/newsevents/press/monetary/20100127a.htm"
2010-03-16,2010-03-16,0,1,"Statement","/newsevents/press/monetary/20100316a.htm"
2010-04-27,2010-04-28,0,1,"Statement","/newsevents/press/monetary/20100428a.htm"
2010-05-09,2010-05-09,0,0,"Statement","/newsevents/press/monetary/20100509a.htm"
2010-06-22,2010-06-23,0,1,"Statement","/newsevents/press/monetary/20100623a.htm"
2010-08-10,2010-08-10,0,1,"Statement","/newsevents/press/monetary/20100810a.htm"
2010-09-21,2010-09-21,0,1,"Statement","/newsevents/press/monetary/20100921a.htm"
2010-10-15,2010-10-15,0,0,NA,NA
2010-11-02,2010-11-03,0,1,"Statement","/newsevents/press/monetary/20101103a.htm"
2010-12-14,2010-12-14,0,1,"Statement","/newsevents/press/monetary/20101214a.htm"
2011-01-25,2011-01-26,0,1,"Statement","/newsevents/press/monetary/20110126a.htm"
2011-03-15,2011-03-15,0,1,"Statement","/newsevents/press/monetary/20110315a.htm"
2011-04-26,2011-04-27,0,1,"Statement","/newsevents/press/monetary/20110427a.htm"
2011-06-21,2011-06-22,0,1,"Statement","/newsevents/press/monetary/20110622a.htm"
2011-08-01,2011-08-01,0,0,NA,NA
2011-08-09,2011-08-09,0,1,"Statement","/newsevents/press/monetary/20110809a.htm"
2011-09-20,2011-09-21,0,1,"Statement","/newsevents/press/monetary/20110921a.htm"
2011-11-01,2011-11-02,0,1,"Statement","/newsevents/press/monetary/20111102a.htm"
2011-11-28,2011-11-28,0,0,NA,NA
2011-12-13,2011-12-13,0,1,"Statement","/newsevents/press/monetary/20111213a.htm"
2012-01-24,2012-01-25,1,1,"Statement","/newsevents/press/monetary/20120125a.htm"
2012-03-13,2012-03-13,0,1,"Statement","/newsevents/press/monetary/20120313a.htm"
2012-04-24,2012-04-25,1,1,"Statement","/newsevents/press/monetary/20120425a.htm"
2012-06-19,2012-06-20,1,1,"Statement","/newsevents/press/monetary/20120620a.htm"
2012-07-31,2012-08-01,0,1,"Statement","/newsevents/press/monetary/20120801a.htm"
2012-09-12,2012-09-13,1,1,"Statement","/newsevents/press/monetary/20120913a.htm"
2012-10-23,2012-10-24,0,1,"Statement","/newsevents/press/monetary/20121024a.htm"
2012-12-11,2012-12-12,1,1,"Statement","/newsevents/press/monetary/20121212a.htm"
2013-01-29,2013-01-30,0,1,"Statement","/newsevents/press/monetary/20130130a.htm"
2013-03-19,2013-03-20,1,1,"Statement","/newsevents/press/monetary/20130320a.htm"
2013-04-30,2013-05-01,0,1,"Statement","/newsevents/press/monetary/20130501a.htm"
2013-06-18,2013-06-19,1,1,"Statement","/newsevents/press/monetary/20130619a.htm"
2013-07-30,2013-07-31,0,1,"Statement","/newsevents/press/monetary/20130731a.htm"
2013-09-17,2013-09-18,1,1,"Statement","/newsevents/press/monetary/20130918a.htm"
2013-10-16,2013-10-16,0,0,NA,NA
2013-10-29,2013-10-30,0,1,"Statement","/newsevents/press/monetary/20131030a.htm"
2013-12-17,2013-12-18,1,1,"Statement","/newsevents/press/monetary/20131218a.htm"
2014-01-28,2014-01-29,0,1,"Statement","/newsevents/press/monetary/20140129a.htm"
2014-03-04,2014-03-04,0,0,NA,NA
2014-03-18,2014-03-19,1,1,"Statement","/newsevents/press/monetary/20140319a.htm"
2014-04-29,2014-04-30,0,1,"Statement","/newsevents/press/monetary/20140430a.htm"
2014-06-17,2014-06-18,1,1,"Statement","/newsevents/press/monetary/20140618a.htm"
2014-07-29,2014-07-30,0,1,"Statement","/newsevents/press/monetary/20140730a.htm"
2014-09-16,2014-09-17,1,1,"Statement","/newsevents/press/monetary/20140917a.htm"
2014-10-28,2014-10-29,0,1,"Statement","/newsevents/press/monetary/20141029a.htm"
2014-12-16,2014-12-17,1,1,"Statement","/newsevents/press/monetary/20141217a.htm"
2015-01-27,2015-01-28,0,1,"Statement","/newsevents/press/monetary/20150128a.htm"
2015-03-17,2015-03-18,1,1,NA,NA
2015-04-28,2015-04-29,0,1,NA,NA
2015-06-16,2015-06-17,1,1,NA,NA
2015-07-28,2015-07-29,0,1,NA,NA
2015-09-16,2015-09-17,1,1,NA,NA
2015-10-27,2015-10-28,0,1,NA,NA
2015-12-15,2015-12-16,1,1,NA,NA
